artist,name,album,release_date,popularity,danceability,acousticness,energy,instrumentalness,liveness,valence,loudness,speechiness,tempo,mood
Prince,1999,1999,1982-10-27,68,0.866,0.1369999999999999,0.73,0.0,0.0843,0.625,-8.201,0.0767,118.523,Happy
Blonde Redhead,23,23,2007-04-16,43,0.381,0.0189,0.8320000000000001,0.196,0.153,0.166,-5.069,0.0492,120.255,Sad
Damien Rice,9 Crimes,9,2006-11-06,60,0.346,0.913,0.139,7.730000000000001e-05,0.0934,0.116,-15.326,0.0321,136.168,Sad
Nena,99 Luftballons,99 Luftballons,1984-08-21,2,0.466,0.089,0.438,5.62e-06,0.113,0.5870000000000001,-12.858,0.0608,193.1,Happy
Underoath,A Boy Brushed Red Living In Black And White,They're Only Chasing Safety,2004-01-01,60,0.419,0.00171,0.932,0.0,0.1369999999999999,0.445,-3.604,0.106,169.88099999999997,Energetic
Emmanuelle Rimbaud,A Burden to Bear,A Burden to Bear,2020-07-31,27,0.394,0.995,0.0475,0.955,0.105,0.172,-26.432,0.072,71.241,Calm
Ron Adelaar,A La Plage,A La Plage,2020-08-07,29,0.504,0.994,0.0584,0.956,0.115,0.5529999999999999,-20.461,0.0516,134.209,Calm
Elvis Presley,A Little Less Conversation - JXL Radio Edit Remix,Elvis 75 - Good Rockin' Tonight,2009-12-28,1,0.586,0.000155,0.935,0.277,0.159,0.58,-9.386,0.0482,114.997,Happy
Linkin Park,A Place for My Head,Hybrid Theory (Bonus Edition),2000-10-24,68,0.603,0.0144,0.908,0.0,0.6709999999999999,0.457,-5.254,0.184,133.063,Energetic
Thirty Seconds To Mars,ATTACK,A Beautiful Lie + 30 Seconds To Mars,2007-05-15,0,0.331,0.00344,0.8759999999999999,0.0008349999999999,0.732,0.299,-1.894,0.0603,175.009,Energetic
Lucas & Steve,Adagio For Strings,Adagio For Strings,2018-11-09,55,0.349,0.000877,0.7929999999999999,0.431,0.22,0.0398,-6.747999999999998,0.0677,127.139,Energetic
Josie Mehlin,Adjustments,Adjustments,2020-01-17,52,0.532,0.974,0.541,0.8640000000000001,0.228,0.329,-11.932,0.0283,136.063,Calm
Cooper Sams,Adrift,Adrift,2018-03-21,53,0.382,0.4970000000000001,0.333,0.918,0.106,0.0486,-15.573,0.0367,84.97399999999998,Calm
Billy Talent,Afraid of Heights,Afraid of Heights,2016-07-29,38,0.5429999999999999,0.000168,0.991,1.31e-05,0.374,0.7659999999999999,-2.78,0.0668,150.031,Energetic
TOTO,Africa,Toto IV,1982-04-08,84,0.6709999999999999,0.257,0.373,7.950000000000001e-05,0.0481,0.732,-18.064,0.0323,92.717,Happy
Comet Blue,After The Rain,After The Rain,2020-08-03,24,0.456,0.993,0.0337,0.948,0.126,0.3,-26.87,0.0334,97.199,Calm
Avenged Sevenfold,Afterlife,Avenged Sevenfold,2007-10-30,13,0.4920000000000001,0.000444,0.95,6.22e-05,0.22,0.391,-4.195,0.076,110.027,Energetic
One Sentence. Supervisor,Algo Rhythm,Temporär Musik 1-13,2016-10-28,0,0.402,1.19e-05,0.75,0.959,0.122,0.58,-7.358,0.0293,149.941,Sad
Slowdive,Alison,Souvlaki,1993,0,0.279,0.00957,0.423,0.8370000000000001,0.128,0.291,-12.06,0.038,101.571,Sad
Paris Blohm,Alive,Alive,2018-11-16,51,0.494,0.00248,0.847,0.0,0.0502,0.148,-3.996,0.0537,129.909,Energetic
Kodaline,All I Want,The Kodaline EP,2012-09-07,29,0.189,0.113,0.4270000000000001,0.0923,0.058,0.158,-9.08,0.0449,187.212,Sad
Angel Olsen,All Mirrors,All Mirrors,2019-07-31,1,0.429,0.00299,0.6890000000000001,0.00193,0.152,0.23,-7.38,0.0379,105.04,Sad
Bullet For My Valentine,All These Things I Hate (Revolve Around Me),The Poison,2005-09-01,39,0.488,0.0303,0.879,0.0,0.288,0.483,-3.505,0.0514,94.003,Energetic
Stone Temple Pilots,All in the Suit That You Wear,Thank You,2003-11-10,39,0.429,1.94e-05,0.982,0.0185,0.312,0.583,-2.962,0.0617,122.881,Energetic
John Legend,All of Me,Love In The Future (Expanded Edition),2013-08-30,85,0.422,0.922,0.264,0.0,0.132,0.331,-7.064,0.0322,119.93,Sad
Lost Frequencies,All or Nothing (feat. Axel Ehnström) - Deluxe Mix,Less is More (Deluxe),2017-07-14,22,0.737,0.226,0.816,0.453,0.621,0.5329999999999999,-9.22,0.0411,124.014,Happy
Saliva,Always,Back Into Your System,2002-11-12,63,0.363,0.0122,0.906,0.0,0.172,0.371,-4.415,0.0615,181.96400000000003,Energetic
Nils Frahm,Ambre,Wintermusik,2009-12-04,0,0.391,0.992,0.0576,0.947,0.117,0.359,-25.585,0.0342,145.569,Calm
Alexi Musnitsky,Anaviosi,Anaviosi,2020-07-09,38,0.391,0.995,0.0121,0.946,0.0959,0.118,-24.588,0.0852,68.128,Calm
Novo Amor,Anchor,Anchor,2015-10-23,0,0.486,0.755,0.356,0.861,0.0986,0.111,-13.649,0.0318,117.141,Sad
Weyes Blood,Andromeda,Andromeda,2019-01-17,36,0.463,0.3670000000000001,0.462,0.0012,0.356,0.189,-7.94,0.0272,131.273,Sad
Arlo Parks,Angel's Song,Angel's Song,2019-11-20,58,0.693,0.894,0.195,0.0325,0.126,0.315,-15.278,0.0446,116.725,Sad
Alice In Chains,Angry Chair,The Essential Alice In Chains,2006-07-24,22,0.313,0.0642,0.973,1.22e-06,0.0581,0.118,-3.855,0.109,107.3,Energetic
EDX,Anthem,Anthem,2018-03-30,44,0.664,0.00152,0.86,0.894,0.197,0.249,-4.505,0.0345,121.991,Happy
Story Of The Year,Anthem of Our Dying Day,Page Avenue (US Non-PA Version),2003-09-16,56,0.388,0.0211,0.8,0.0,0.212,0.357,-6.33,0.0783,194.74400000000003,Energetic
Jet,Are You Gonna Be My Girl,Get Born,2003-09-15,75,0.613,0.00148,0.953,0.000582,0.152,0.537,-3.435,0.0855,105.046,Happy
Tobtok,As I Sleep (feat. Charlee),As I Sleep (feat. Charlee),2018-04-13,55,0.6940000000000001,0.0195,0.8240000000000001,0.0426,0.327,0.202,-6.306,0.161,123.014,Energetic
Warpaint,Ashes to Ashes,Ashes to Ashes,2010-10-05,51,0.696,0.186,0.871,0.0282,0.173,0.8,-6.482,0.0357,118.938,Sad
Hugar,Atlavík,Varða,2019-08-23,53,0.535,0.867,0.147,0.797,0.0825,0.238,-25.141,0.0382,126.823,Calm
Toledo Rains,Auburn Sky,Auburn Sky,2020-03-10,48,0.265,0.906,0.035,0.89,0.0932,0.0651,-26.502,0.0359,132.972,Calm
William Duhamel,Awaken,Awaken,2020-01-02,55,0.346,0.929,0.0943,0.918,0.102,0.109,-13.632,0.0362,127.006,Calm
Puddle Of Mudd,Away From Me,Life On Display,2003-01-01,0,0.396,0.00061,0.93,0.0,0.168,0.195,-2.939,0.1,154.77700000000004,Energetic
Otto Knows,Back Where I Belong (feat. Avicii),Back Where I Belong (feat. Avicii),2016-06-03,56,0.4970000000000001,0.0306,0.865,0.0679,0.443,0.595,-3.19,0.0644,125.96,Energetic
Ton Snijders,Back+,Back+,2020-04-10,26,0.383,0.993,0.0197,0.944,0.121,0.113,-28.192,0.0528,67.555,Calm
Muzz,Bad Feeling,Bad Feeling,2020-03-12,39,0.512,0.351,0.352,0.74,0.106,0.275,-9.093,0.0354,82.943,Sad
May,Bad Kingdom,Gold,2018-01-19,57,0.401,0.934,0.199,0.0064,0.112,0.0744,-14.409,0.0355,118.351,Sad
Arlo Day,Bad Timing,Bad Timing,2019-04-15,30,0.471,0.6890000000000001,0.289,0.000535,0.0865,0.225,-9.784,0.0258,146.352,Sad
Father John Misty,Ballad of the Dying Man,Ballad of the Dying Man,2017-02-01,0,0.399,0.848,0.443,0.000406,0.0899,0.265,-9.168,0.0272,139.643,Sad
YuMe,Balloon,Balloon,2020-05-01,34,0.408,0.987,0.00518,0.929,0.12,0.0381,-29.142,0.0355,72.291,Calm
Avenged Sevenfold,Bat Country,City of Evil,2005-06-06,39,0.541,0.000248,0.968,8.28e-06,0.423,0.505,-4.129,0.0396,125.04,Energetic
Bilo 503,Bayybe 07,Bayybe,2017-11-17,50,0.44,0.8270000000000001,0.384,0.934,0.156,0.0912,-12.331,0.0453,127.938,Calm
The 1975,Be My Mistake,A Brief Inquiry Into Online Relationships,2018-11-30,39,0.5720000000000001,0.835,0.155,0.000137,0.0906,0.0949,-14.405,0.0344,109.923,Sad
Lost Frequencies,Beautiful Life,Beautiful Life,2016-06-03,31,0.732,0.127,0.52,0.0347,0.139,0.339,-6.684,0.0376,119.979,Happy
Burden Brothers,Beautiful Night,Burden Brothers EP,2002-08-13,38,0.531,0.000508,0.892,0.024,0.144,0.599,-4.54,0.0582,130.13299999999998,Energetic
Job Roggeveen,Beekweide,Beekweide,2020-07-10,34,0.321,0.984,0.11,0.963,0.115,0.173,-23.63,0.0345,73.914,Calm
Lewis Capaldi,Before You Go,Divinely Uninspired To A Hellish Extent (Extended Edition),2019-11-22,85,0.459,0.604,0.575,0.0,0.0885,0.183,-4.8580000000000005,0.0573,111.881,Sad
Elton John,Bennie And The Jets - Remastered 2014,Goodbye Yellow Brick Road (40th Anniversary Celebration/ Super Deluxe Edition),1973-10-05,0,0.6659999999999999,0.251,0.6679999999999999,5.77e-06,0.499,0.765,-7.961,0.0523,132.666,Happy
Rhys Lewis,Better Than Today,Better Than Today,2019-01-04,60,0.387,0.736,0.234,0.0,0.084,0.408,-8.861,0.0373,78.65,Sad
Jack Johnson,Better Together,In Between Dreams,2005-01-01,72,0.868,0.308,0.347,2e-05,0.11,0.659,-9.529,0.0536,110.059,Happy
Wilson Trouvé,Betty,Betty,2020-05-29,32,0.171,0.89,0.185,0.94,0.101,0.264,-19.651,0.0348,142.694,Calm
Jeremy Olander,Billinghurst,Damon EP,2017-04-21,0,0.769,0.0305,0.701,0.85,0.0929,0.168,-9.089,0.062,123.011,Energetic
Billie Marten,Bird,Writing of Blues and Yellows (Deluxe Version),2016-09-23,55,0.235,0.988,0.187,0.00197,0.106,0.118,-12.754,0.0347,85.962,Sad
Grandaddy,Bison on the Plains,Bison on the Plains,2018-11-19,32,0.476,0.285,0.522,0.0127,0.193,0.0973,-8.158999999999999,0.0281,133.874,Sad
Beach House,Black Car,Black Car,2018-05-02,0,0.407,0.344,0.5489999999999999,0.901,0.111,0.32,-10.244000000000002,0.0293,77.473,Sad
(Hed) P.E.,Blackout,Blackout,2003,37,0.5479999999999999,0.00016,0.8640000000000001,0.00262,0.0354,0.5,-6.257999999999999,0.0557,95.569,Energetic
Manse,Blame,Blame,2019-06-26,53,0.612,0.619,0.68,0.0,0.0786,0.346,-4.925,0.0346,127.909,Energetic
Marc Benjamin,Blaster,Blaster,2018-11-23,0,0.667,0.0326,0.857,0.464,0.27,0.301,-4.729,0.0468,125.946,Energetic
Jimmy Eat World,Bleed American,Bleed American,2001-07-17,63,0.438,0.00842,0.938,1.08e-06,0.8059999999999999,0.584,-5.6110000000000015,0.094,160.21200000000005,Energetic
SOAK,Bloodbuzz Ohio,Bloodbuzz Ohio,2019-11-25,46,0.441,0.715,0.268,1.49e-06,0.11,0.057,-8.173,0.0308,140.07299999999998,Sad
Hilder Sky,Bloom,Bloom,2019-05-30,52,0.249,0.945,0.129,0.8390000000000001,0.17,0.253,-18.167,0.0324,70.59,Calm
Fink,Bloom Innocent,Bloom Innocent,2019-09-04,20,0.519,0.931,0.236,0.133,0.127,0.283,-18.378,0.0362,80.008,Sad
Yves V,Blow,Blow,2017-05-15,0,0.603,0.0186,0.902,0.6829999999999999,0.105,0.135,-5.979,0.0494,127.973,Happy
Bingo Players,Body Rock,Body Rock,2018-11-16,46,0.627,0.00919,0.944,0.00311,0.444,0.551,-4.459,0.344,126.078,Happy
Limp Bizkit,Boiler,Chocolate Starfish And The Hot Dog Flavored Water (Explicit Version),2000-01-01,0,0.443,0.00393,0.722,0.0155,0.0373,0.1669999999999999,-6.3260000000000005,0.0865,111.324,Energetic
Erik Reno,Bortom Träden,I Blomstertid,2020-06-07,48,0.446,0.8009999999999999,0.0586,0.85,0.0876,0.111,-26.416,0.0416,124.019,Calm
Isaac Elton,Bottom Of The Sea,Bottom Of The Sea,2017-07-11,48,0.775,0.0068099999999999,0.66,0.171,0.22,0.425,-7.9289999999999985,0.0444,126.022,Happy
Smile Empty Soul,Bottom of a Bottle,Shapeshifter,2016-04-01,61,0.537,0.00236,0.847,1.16e-06,0.0844,0.459,-5.207999999999998,0.0383,106.055,Energetic
La Acacia,Bouquet with Lilies,Bouquet with Lilies,2019-10-30,56,0.621,0.716,0.345,0.921,0.091,0.113,-12.106,0.0295,117.683,Calm
Limp Bizkit,Break Stuff,Significant Other (Explicit),1999-06-16,0,0.45,0.0108,0.877,0.000643,0.112,0.6629999999999999,-6.676,0.156,108.501,Energetic
Hans Voller,Breathe,Breathe,2019-10-28,29,0.612,0.99,0.037,0.947,0.108,0.103,-18.855,0.0408,113.008,Calm
Sia,Breathe Me,Colour The Small One,2004-01-01,68,0.552,0.0364,0.643,0.74,0.105,0.212,-7.36,0.0327,120.012,Sad
Fatboy Slim,Brimful of Asha - Norman Cook Remix,Why Try Harder - Greatest Hits,2006-06-01,0,0.6629999999999999,0.18,0.957,0.0,0.348,0.937,-2.823,0.0584,125.678,Happy
Lewis Capaldi,Bruises,Divinely Uninspired To A Hellish Extent,2019-05-17,84,0.736,0.946,0.308,0.0,0.186,0.361,-7.83,0.0677,111.202,Sad
Crazy Town,Butterfly,The Gift Of Game,1999-11-04,71,0.736,0.00132,0.8109999999999999,0.0001419999999999,0.107,0.609,-4.17,0.081,103.502,Happy
Ella van der Woude,Bye Bye Little House,Bye Bye Little House,2020-01-03,30,0.31,0.985,0.0313,0.94,0.263,0.182,-23.55,0.0325,92.857,Calm
The Mamas & The Papas,California Dreamin',If You Can Believe Your Eyes And Ears,1966-03,50,0.5539999999999999,0.628,0.667,0.0,0.0486,0.597,-10.226,0.0342,112.749,Happy
Night Sounds,Calm Wilderness,Calm Wilderness,2019-08-22,52,0.186,0.8859999999999999,0.271,0.961,0.141,0.0684,-17.149,0.0449,115.896,Calm
Armor For Sleep,Car Underwater,What To Do When You Are Dead,2005,52,0.435,0.014,0.774,0.0,0.127,0.448,-5.052,0.0631,147.466,Energetic
Beach House,Chariot,B-Sides and Rarities,2017-06-30,42,0.374,0.6629999999999999,0.426,0.607,0.0886,0.0902,-7.395,0.0315,102.174,Sad
Blasterjaxx,Children Of Today,Children Of Today,2019-04-19,58,0.507,0.00892,0.836,0.000598,0.485,0.333,-4.357,0.038,130.02700000000002,Energetic
The 1975,Chocolate,The 1975,2013-01-01,66,0.614,0.000532,0.938,0.0,0.368,0.607,-4.461,0.0611,100.058,Happy
System Of A Down,Chop Suey!,Toxicity,2001-09-04,79,0.419,0.000278,0.934,0.0015,0.132,0.286,-3.908,0.12,127.288,Energetic
Marlies du Mosch,City Lights,City Lights,2020-07-03,26,0.341,0.983,0.0582,0.924,0.097,0.0514,-23.103,0.0472,83.05,Calm
Sia,Clap Your Hands,Clap Your Hands,2010-04-09,44,0.6990000000000001,0.000532,0.87,0.0219,0.359,0.778,-4.925,0.0546,120.033,Happy
Jacco Wynia,Cleansing,Cleansing,2020-05-29,36,0.18,0.956,0.0754,0.926,0.11,0.0366,-26.645,0.0346,71.675,Calm
Dhyana Thomas,Clear Skies,Clear Skies,2019-04-26,51,0.421,0.94,0.136,0.89,0.113,0.0505,-23.521,0.0305,110.036,Calm
Saliva,Click Click Boom,Every Six Seconds,2001-01-01,0,0.607,0.00259,0.935,0.000221,0.195,0.51,-2.918,0.0506,95.97,Energetic
Jakob Ahlbom,Coda,Endeavour,2019-10-04,58,0.351,0.93,0.24,0.904,0.101,0.0968,-15.363,0.034,79.919,Calm
Mumford & Sons,Cold Arms,Wilder Mind,2015-05-01,0,0.431,0.815,0.144,1.1e-06,0.124,0.0491,-12.07,0.039,137.683,Sad
Camo Columbo,Cold Nights,Cold Nights,2020-01-03,51,0.941,0.321,0.421,9.34e-05,0.0967,0.787,-7.917999999999998,0.0583,107.011,Sad
Kaskade,Cold as Stone (feat. Charlotte Lawrence) - Lipless Remix,Cold as Stone (Remixes) (feat. Charlotte Lawrence),2018-05-04,57,0.619,0.237,0.6629999999999999,0.0,0.111,0.142,-6.937,0.0366,123.93,Energetic
Barulinho,Colgando,Siesta,2020-07-31,36,0.5670000000000001,0.948,0.39,0.966,0.0802,0.133,-13.701,0.0301,99.997,Calm
Evin Iris,Collapse Into Light,Collapse Into Light,2019-10-18,55,0.305,0.933,0.229,0.904,0.104,0.0562,-18.329,0.0334,121.599,Calm
Dexys Midnight Runners,Come On Eileen,Too Rye Ay (Deluxe Edition),1982-08,1,0.466,0.413,0.615,0.0,0.343,0.812,-9.102,0.0492,108.016,Happy
The Offspring,Come Out And Play (Keep ‘Em Separated),Greatest Hits,2005-06-21,68,0.476,0.0535,0.856,6.75e-06,0.0846,0.847,-3.764,0.161,158.671,Energetic
Zoe Connelly,Coming Home,Coming Home,2019-12-11,51,0.198,0.8540000000000001,0.139,0.856,0.0773,0.106,-18.72,0.031,82.405,Calm
Korn,Coming Undone,Coming Undone,2005,0,0.696,0.000855,0.677,0.000247,0.0646,0.551,-4.178,0.0554,150.125,Energetic
Camila Cabello,Consequences,Camila,2018-01-12,74,0.455,0.889,0.292,0.0,0.106,0.43,-6.792000000000002,0.0563,84.339,Sad
Lucy Rose,Conversation,Conversation,2019-01-10,45,0.242,0.901,0.1369999999999999,0.0105,0.1669999999999999,0.0644,-16.332,0.0322,92.454,Sad
Autoerotique,Count On You - ATFC's C-thru Remix,Count On You (ATFC's C-thru Remix),2018-07-16,42,0.825,0.00735,0.925,0.8079999999999999,0.057,0.5670000000000001,-7.502000000000002,0.0463,123.025,Happy
Steff da Campo,Count That - R3HAB Edit,Count That (R3HAB Edit),2018-11-09,41,0.6859999999999999,0.0957,0.955,0.00621,0.0809,0.447,-3.665,0.113,123.978,Energetic
Ian Wong,Courage,Courage,2020-02-28,34,0.635,0.994,0.0302,0.952,0.107,0.237,-26.234,0.0401,83.22200000000002,Calm
Chris Malinchak,Crash,Crash,2018-03-07,57,0.6890000000000001,0.000455,0.456,0.882,0.07,0.238,-12.307,0.0339,126.0,Happy
Hoobastank,Crawling In The Dark,Hoobastank,2001-01-01,0,0.5920000000000001,0.000295,0.932,7.59e-05,0.138,0.698,-4.4910000000000005,0.0885,93.675,Energetic
Gnarls Barkley,Crazy,St. Elsewhere,2006-04-24,77,0.855,0.0505,0.5870000000000001,0.00714,0.105,0.64,-4.589,0.0336,111.97,Happy
The Osmonds,Crazy Horses,Crazy Horses,1972-10-14,46,0.512,0.215,0.977,0.0,0.343,0.731,-4.505,0.0671,120.165,Happy
Radiohead,Creep,The Best Of,2008-04-07,0,0.515,0.0102,0.43,0.0001409999999999,0.129,0.104,-9.935,0.0369,91.841,Sad
The Tides,Crossing,Crossing,2020-03-19,40,0.542,0.935,0.189,0.91,0.0932,0.0755,-16.57,0.0398,116.0,Calm
Third Eye Blind,Crystal Baller - 2006 Remaster,A Collection,2006-07-18,31,0.379,0.0142,0.695,1.13e-05,0.196,0.4320000000000001,-5.9220000000000015,0.0705,193.672,Energetic
Dean Valio,Crystal Shores,Crystal Shores,2019-05-24,51,0.482,0.958,0.0257,0.923,0.104,0.144,-26.303,0.0323,109.98,Calm
Beau Projet,Curiosity,Curiosity,2019-03-21,60,0.43,0.985,0.256,0.867,0.106,0.173,-22.088,0.0641,133.955,Calm
Michael Orvind,Curious Morning,Curious Morning,2020-07-14,36,0.391,0.969,0.231,0.954,0.116,0.0882,-17.0,0.0363,107.981,Calm
Billie Marten,Cursive,As Long As - EP,2015-11-13,62,0.494,0.935,0.267,5.58e-05,0.128,0.166,-11.54,0.0308,115.117,Sad
Clouseau,Daar Gaat Ze,Clouseau30,2017-09-01,5,0.639,0.78,0.4920000000000001,0.0,0.117,0.6659999999999999,-8.497,0.0288,87.03299999999999,Happy
Terence Trent D'Arby,Dance Little Sister,Introducing The Hardline According To Terence Trent D'Arby,1987-07-06,53,0.722,0.161,0.696,0.0,0.0755,0.93,-11.095,0.0901,115.397,Happy
Calum Scott,Dancing On My Own,Dancing On My Own,2016-06-03,9,0.608,0.851,0.174,1.92e-05,0.0855,0.193,-8.796,0.0332,112.175,Sad
AFI,Dancing Through Sunday,Sing The Sorrow,2003,47,0.555,0.00291,0.98,0.0,0.279,0.643,-2.849,0.0947,114.078,Energetic
Sasha Sloan,Dancing With Your Ghost,Dancing With Your Ghost,2019-06-28,78,0.629,0.7609999999999999,0.327,2.9600000000000005e-05,0.103,0.381,-8.285,0.029,74.953,Sad
Ellie Rose,Dancing With an Astronaut,Dancing With an Astronaut,2019-09-27,41,0.516,0.487,0.407,0.0235,0.252,0.17,-7.841,0.0283,74.89399999999998,Sad
Red Hot Chili Peppers,Dani California,Stadium Arcadium,2006-05-09,77,0.556,0.0193,0.913,8.59e-06,0.346,0.73,-2.36,0.0437,96.184,Energetic
The National,Dark Side of the Gym,Sleep Well Beast,2017-09-08,52,0.642,0.726,0.475,0.7859999999999999,0.12,0.453,-11.404000000000002,0.0294,103.955,Sad
Low Roar,Darkest Hour,Darkest Hour,2019-10-18,29,0.6940000000000001,0.612,0.359,0.738,0.1369999999999999,0.348,-16.105,0.0408,125.077,Sad
Light of Sun,Dawning,Dawning,2019-08-26,58,0.526,0.64,0.471,0.8170000000000001,0.096,0.286,-11.965,0.0424,119.972,Calm
Tom Misch,Day 5: For Carol,5 Day Mischon,2017-03-31,56,0.485,0.765,0.4970000000000001,0.8859999999999999,0.132,0.065,-10.022,0.0308,100.857,Calm
Les Manger Tous,De Fléche,De Fléche,2019-09-30,52,0.435,0.6679999999999999,0.333,0.8340000000000001,0.084,0.074,-15.885,0.0308,90.902,Calm
Anthony Ramos,Dear Diary,Dear Diary,2019-07-19,0,0.474,0.5870000000000001,0.41,3.97e-06,0.114,0.37,-9.373,0.0644,125.085,Sad
Nicky Romero,Deep Dark Jungle,Deep Dark Jungle,2019-03-08,0,0.5870000000000001,0.000405,0.97,0.772,0.202,0.146,-4.512,0.216,128.069,Happy
Thomas Jackson,Den inre skogen,Den inre skogen,2020-01-30,55,0.532,0.924,0.382,0.61,0.134,0.0455,-17.683,0.0543,127.038,Calm
Lush,Desire Lines,Split,1994,39,0.379,0.000169,0.652,0.0043,0.077,0.0724,-5.4060000000000015,0.0325,121.035,Sad
Bayside,Devotion And Desire,Bayside,2005-08-23,54,0.296,0.0007019999999999,0.9,0.0,0.339,0.286,-4.918,0.0922,184.256,Energetic
Pieter de Graaf,Dew Drops,Vortex,2019-10-11,50,0.27,0.939,0.0384,0.936,0.1,0.0708,-24.513,0.0361,59.81,Calm
The Soft Cavalry,Dive,The Soft Cavalry,2019-07-05,0,0.434,0.0418,0.531,0.00021,0.0941,0.0935,-10.05,0.0305,156.155,Sad
KSHMR,Do Bad Well (feat. Nevve),Do Bad Well (feat. Nevve),2019-10-11,62,0.604,0.0512,0.894,0.000315,0.234,0.415,-4.755,0.113,127.964,Energetic
Steve Aoki,Do It Again,Do It Again,2019-04-19,0,0.701,0.119,0.95,0.00355,0.221,0.477,-3.026,0.0675,124.002,Energetic
ROSALÍA,Dolerme,Dolerme,2020-03-24,68,0.545,0.785,0.478,0.00278,0.123,0.318,-7.035,0.0559,173.74599999999995,Sad
Fleetwood Mac,Don't Stop,Rumours,1977-02-04,0,0.6859999999999999,0.0398,0.632,2.2e-06,0.0686,0.88,-11.433,0.0353,118.965,Happy
Queen,Don't Stop Me Now - 2011 Mix,Jazz (Deluxe Remastered Version),1978-11-10,74,0.563,0.0472,0.865,0.000191,0.77,0.601,-5.277,0.16,156.27100000000004,Happy
Simple Minds,Don't You (Forget About Me) - Remastered,Celebrate (Greatest Hits),2013-03-25,11,0.602,0.00398,0.784,0.0852,0.0931,0.918,-7.976,0.0313,133.019,Happy
Wolf Alice,Don’t Delete The Kisses,Visions Of A Life,2017-09-29,59,0.604,0.0011,0.789,0.828,0.368,0.348,-6.259,0.0273,122.032,Sad
Creedence Clearwater Revival,Down On The Corner,Willy And The Poor Boys (40th Anniversary Edition),1969-11-02,0,0.831,0.594,0.544,0.00389,0.0736,0.856,-9.288,0.0837,108.177,Happy
Rob Zombie,Dragula,Hellbilly Deluxe,1998-01-01,70,0.591,8.740000000000001e-05,0.963,0.000107,0.0781,0.609,-6.489,0.0531,125.03,Energetic
Alvvays,Dreams Tonite,Antisocialites,2017-09-08,62,0.511,0.0108,0.622,4.51e-06,0.127,0.425,-5.727,0.0242,99.934,Sad
Eroded Sky,Drifting,Drifting,2020-04-23,56,0.616,0.71,0.202,0.6779999999999999,0.0871,0.0773,-14.144,0.0383,139.857,Calm
Sniff 'n' The Tears,Driver's Seat,Fickle Heart (Plus Two Bonus Cuts),1978,56,0.754,0.0186,0.804,0.0604,0.207,0.972,-7.189,0.0368,132.967,Happy
Slipknot,Duality,Vol. 3: The Subliminal Verses,2004,76,0.354,0.000237,0.982,0.000294,0.204,0.194,-3.026,0.168,143.77200000000005,Energetic
3 Doors Down,Duck And Run,The Better Life,2000,43,0.524,0.0149,0.919,7.049999999999999e-05,0.131,0.848,-5.505,0.0436,87.931,Energetic
Bombay Bicycle Club,Dust On The Ground,Flaws,2010-01-01,0,0.605,0.757,0.319,0.00237,0.116,0.273,-10.892,0.0306,109.603,Sad
FTampa,EDM Sux,EDM Sux,2018-11-09,49,0.653,0.00775,0.907,0.82,0.342,0.238,-5.877000000000002,0.11,128.079,Energetic
Ansatz Der Maschine,Eagle,Eagle,2019-12-13,28,0.339,0.937,0.142,0.91,0.0847,0.121,-21.613000000000003,0.0416,109.98,Calm
Bruno Major,Easily,A Song For Every Moon,2017-08-31,76,0.772,0.491,0.256,0.00612,0.144,0.357,-8.545,0.0481,118.902,Sad
Philip Bailey,Easy Lover,Chinese Wall,1985-03-20,68,0.7490000000000001,0.0674,0.6990000000000001,0.00192,0.0763,0.935,-13.108,0.0371,128.904,Happy
Anna Calvi,Eden - Hunted Version,Hunted,2020-03-06,35,0.158,0.965,0.0963,0.105,0.0752,0.0395,-18.225,0.0398,71.012,Sad
Stevie Nicks,Edge of Seventeen,Crystal Visions...The Very Best of Stevie Nicks,2007-03-27,70,0.59,0.277,0.828,5.57e-06,0.0868,0.636,-6.28,0.0439,111.353,Happy
Monocle Twins,Eidolon,Eidolon,2020-01-24,54,0.5529999999999999,0.862,0.24,0.946,0.0932,0.1639999999999999,-19.522,0.0304,128.986,Calm
k?d,Electronic Memories (feat. Mickey Kojak),Find Paradise,2018-10-05,51,0.602,0.0992,0.926,0.0449,0.241,0.574,-1.62,0.0897,100.014,Energetic
Jaakko Eino Kalevi,Emotions in Motion,Emotions in Motion,2018-08-01,23,0.6509999999999999,0.199,0.503,0.644,0.0781,0.5579999999999999,-10.906,0.0323,133.04399999999998,Sad
Golden Sleep,Empty Street at Night,Empty Street at Night,2020-06-05,32,0.211,0.903,0.0147,0.935,0.342,0.0667,-22.964,0.0456,169.899,Calm
Sevendust,Enemy,Seasons - Clean,2003-10-07,43,0.5720000000000001,0.000181,0.99,0.000295,0.118,0.397,-1.992,0.066,106.912,Energetic
Benjamin Martins,Escaping Time,Floating,2019-10-21,60,0.32,0.64,0.256,0.862,0.112,0.191,-17.98,0.0445,115.011,Calm
Peals,Essential Attitudes,Honey,2016-09-16,50,0.444,0.449,0.4970000000000001,0.722,0.081,0.25,-12.601,0.0383,99.093,Calm
Airwaves,Event Horizon,Event Horizon,2018-10-30,57,0.464,0.0665,0.38,0.898,0.114,0.0558,-8.052,0.0279,100.006,Calm
Robert Palmer,Every Kinda People,Double Fun,1978-01-01,0,0.631,0.248,0.547,0.000119,0.0523,0.962,-12.626,0.036,94.533,Happy
Antonio Giacca,Every Way,Every Way,2018-07-20,49,0.879,0.019,0.908,2.62e-06,0.309,0.759,-4.422,0.126,123.036,Energetic
R.E.M.,Everybody Hurts,Part Lies Part Heart Part Truth Part Garbage 1982-2011,2011-11-11,0,0.282,0.568,0.476,0.0185,0.157,0.186,-6.524,0.0274,187.604,Sad
Various Artists,Everyday People,R&B: From Doo-Wop To Hip-Hop,1999-10-08,63,0.813,0.245,0.619,0.0151,0.113,0.774,-8.203,0.0294,114.58,Happy
Skytech,Expedition,Expedition,2019-09-20,51,0.639,0.00288,0.974,0.596,0.349,0.353,-4.13,0.057,130.0,Happy
Scary Kids Scaring Kids,Faces,Scary Kids Scaring Kids,2007-09-25,43,0.368,3.44e-05,0.967,3.44e-05,0.317,0.537,-3.464,0.0566,194.982,Energetic
Harry Styles,Falling,Fine Line,2019-12-13,87,0.5670000000000001,0.8390000000000001,0.267,1.46e-06,0.089,0.0592,-6.502000000000002,0.0299,110.011,Sad
Slowdive,Falling Ashes,Slowdive,2017-05-05,45,0.332,0.954,0.255,0.752,0.0784,0.134,-13.698,0.0309,187.786,Sad
Tiz McNamara,Falling Asleep,Falling Asleep,2019-10-25,53,0.537,0.899,0.201,0.00163,0.077,0.196,-12.948,0.033,134.08700000000002,Sad
Korn,Falling Away from Me,Issues,1999-11-09,70,0.468,0.00014,0.769,0.00124,0.271,0.17,-7.0360000000000005,0.041,104.102,Energetic
Sofie Tukker,Fantasy - R3HAB Remix,Fantasy (R3HAB Remix),2019-04-19,19,0.7,0.113,0.7509999999999999,0.00129,0.241,0.246,-3.853,0.0566,124.027,Energetic
Alphabeat,Fascination,This Is Alphabeat,2007-12-10,0,0.491,0.000285,0.831,7.879999999999999e-05,0.0761,0.828,-5.3210000000000015,0.0349,193.968,Happy
blink-182,Feeling This,blink-182,2003-11-01,66,0.411,0.103,0.962,0.0,0.529,0.622,-5.952000000000001,0.0917,173.143,Energetic
Elementaries,Feels Like Flying,Feels Like Flying,2020-06-15,40,0.416,0.882,0.11,0.873,0.116,0.347,-13.776,0.0423,120.024,Calm
Johnny Goth,Feels Like We're Dying,Far Away,2017-02-22,51,0.579,0.73,0.411,0.8,0.0945,0.125,-13.068,0.0329,79.988,Sad
Martèn LeGrand,Fields After Rain,Fields After Rain,2020-06-05,37,0.474,0.973,0.161,0.907,0.113,0.357,-20.952,0.043,82.89200000000002,Calm
Martèn LeGrand,Fields Of Blossom,Fields Of Blossom,2020-04-24,32,0.42,0.98,0.135,0.941,0.0974,0.155,-20.518,0.0815,118.9,Calm
Luna,Fire in Cairo,A Sentimental Education,2017-09-22,31,0.5870000000000001,0.379,0.713,0.439,0.332,0.816,-8.857999999999997,0.0268,130.05,Sad
Valentin,Fix You,Fix You,2019-11-22,47,0.5,0.6709999999999999,0.185,0.0,0.0827,0.159,-13.209,0.0302,140.148,Sad
Jacco Wynia,Fleur février,Fleur février,2020-02-07,34,0.428,0.985,0.0517,0.945,0.11,0.13,-21.74,0.0548,111.311,Calm
Fedde Le Grand,Flex,Flex,2018-05-14,42,0.609,0.017,0.912,0.0335,0.44,0.5329999999999999,-3.823,0.0486,128.0,Energetic
Michael Orvind,Floating Sunbeams,Floating Sunbeams,2020-07-07,33,0.205,0.98,0.202,0.85,0.128,0.086,-15.952,0.0427,113.057,Calm
Lucas Delphy,Flowing,Flowing,2020-05-20,39,0.2,0.8959999999999999,0.138,0.929,0.207,0.138,-20.417,0.0301,71.631,Calm
Low,Fly - King Britt's Fhloston Paradigm Remix,Fly (King Britt's Fhloston Paradigm Remix),2019-07-18,31,0.614,0.521,0.498,0.855,0.136,0.418,-14.325,0.0466,120.003,Sad
Above & Beyond,Flying by Candlelight (ABGT300) - Above & Beyond Club Mix,Group Therapy 300 Live from Hong Kong (ABGT300),2018-10-05,47,0.532,0.000312,0.664,0.0427,0.303,0.075,-9.804,0.0603,128.97299999999998,Energetic
Light of Sun,Focus,Focus,2019-06-03,51,0.273,0.238,0.161,0.481,0.133,0.0503,-17.727,0.053,113.89,Calm
Andre Ehmann,Follow me,Follow me,2019-07-19,51,0.475,0.995,0.109,0.948,0.127,0.405,-29.839,0.0303,99.008,Calm
Martin Gauffin,Found,Found,2019-08-23,52,0.517,0.901,0.397,0.867,0.11,0.195,-14.281,0.0289,100.005,Calm
Third Party,Free,TOGETHER,2019-03-15,50,0.481,0.0238,0.922,0.00185,0.0971,0.246,-4.17,0.064,127.931,Happy
Dave Pad,Freya,Cantec De Leagane / Freya,2017-03-24,46,0.64,0.000211,0.667,0.899,0.0748,0.288,-10.19,0.0379,122.994,Happy
The Cure,Friday I'm In Love,Wish,1992-01-01,76,0.526,0.00126,0.763,6.75e-05,0.359,0.514,-12.663,0.0341,136.205,Happy
Thirty Seconds To Mars,From Yesterday,A Beautiful Lie + 30 Seconds To Mars,2007-05-15,0,0.467,0.00578,0.8759999999999999,0.00592,0.0453,0.131,-4.841,0.0693,135.055,Energetic
Ron Adelaar,Frozen,Frozen,2020-06-05,45,0.352,0.986,0.0246,0.928,0.107,0.174,-27.226,0.0419,78.809,Calm
Biba Dupont,Fête sous les étoiles,Suite,2020-05-01,34,0.312,0.994,0.00811,0.961,0.1,0.0703,-30.381,0.0389,115.486,Calm
3LAU,Game Time (feat. Ninja),Game Time (feat. Ninja),2018-11-30,52,0.534,8.05e-05,0.957,0.758,0.266,0.52,-4.025,0.0455,95.046,Happy
Seether,Gasoline,Disclaimer II,2004-01-01,39,0.478,4.650000000000001e-05,0.942,0.0336,0.061,0.726,-2.71,0.08,173.515,Energetic
Dexys Midnight Runners,Geno - 2000 Remaster,Searching For The Young Soul Rebels,1980-07,55,0.481,0.688,0.6,0.00633,0.963,0.818,-8.722000000000001,0.0801,124.637,Happy
Daft Punk,Get Lucky (feat. Pharrell Williams & Nile Rodgers) - Radio Edit,Get Lucky (feat. Pharrell Williams & Nile Rodgers) [Radio Edit],2013-04-19,78,0.794,0.0426,0.8109999999999999,1.07e-06,0.101,0.862,-8.966000000000003,0.038,116.047,Happy
James Brown,Get Up Offa That Thing,20 All-Time Greatest Hits!,1991,53,0.883,0.225,0.664,2.3e-06,0.941,0.8,-10.395,0.411,118.104,Happy
Papa Roach,Getting Away With Murder,Getting Away With Murder (Explicit Version),2004-01-01,0,0.544,0.000115,0.97,3.34e-05,0.238,0.349,-3.78,0.0532,103.909,Energetic
Crumb,Ghostride,Ghostride,2019-05-09,0,0.664,0.511,0.352,0.8059999999999999,0.109,0.45,-9.426,0.0278,87.054,Sad
Lights & Motion,Glaciers,Bloom,2018-02-02,53,0.0789,0.733,0.16,0.7859999999999999,0.0943,0.0409,-18.144,0.0362,56.449,Calm
Queens of the Stone Age,Go With The Flow,Songs For The Deaf,2002,59,0.242,0.0148,0.992,0.113,0.833,0.374,-3.9,0.0988,159.37,Energetic
Morgan Page,Gone My Way - KhoMha Remix,Gone My Way (KhoMha Remix),2019-05-10,46,0.547,0.00129,0.895,0.107,0.288,0.0353,-7.081,0.0683,128.02200000000002,Energetic
CHIC,Good Times,Risqué,1979-07-30,66,0.87,0.149,0.657,0.0102,0.053,0.893,-7.32,0.0522,110.596,Happy
The Beach Boys,Good Vibrations - Remastered,Good Vibrations 40th Anniversary,2006-01-01,66,0.403,0.387,0.495,8.03e-06,0.147,0.38,-6.888,0.0312,132.912,Happy
Apparat,Goodbye,The Devil's Walk,2011,69,0.484,0.406,0.457,0.6459999999999999,0.297,0.187,-13.976,0.0456,87.15899999999998,Sad
Beirut,Goshen,East Harlem,2011-06-14,0,0.284,0.848,0.262,0.00483,0.0966,0.107,-9.869,0.028,98.66,Sad
Johann Sebastian Bach,"Gottes Zeit ist die allerbeste Zeit, BWV 106: 2a. Gottes Zeit, ist die allerbeste Zeit (Arr. For Piano Four Hands by György Kurtág)",Bach,2019-09-27,31,0.5660000000000001,0.995,0.00792,0.909,0.0874,0.0621,-34.484,0.0445,61.167,Calm
Minxz,Goya,Goya,2019-07-12,21,0.365,0.994,0.00656,0.888,0.119,0.0809,-21.678,0.0427,68.17,Calm
Steven Vrancken,Gracewood (Revisited),In Between (A-Side),2020-05-01,11,0.353,0.969,0.0544,0.915,0.106,0.158,-22.657,0.0408,74.883,Calm
Alexander Motovilov,Green Street,Green Street,2020-07-31,27,0.373,0.978,0.191,0.944,0.0737,0.411,-24.099,0.0302,96.682,Calm
Deee-Lite,Groove Is in the Heart,Rhino Hi-Five: Deee-Lite,2005-04-19,65,0.6940000000000001,0.0153,0.8809999999999999,0.0196,0.0851,0.924,-4.053,0.0701,121.554,Happy
Sir Roy,Groovin,Groovin,2018-02-10,50,0.845,0.0447,0.7440000000000001,0.343,0.13,0.6940000000000001,-9.539,0.0567,126.0,Energetic
Brand New,Guernica,Deja Entendu,2003-06-17,44,0.382,0.127,0.907,5.65e-06,0.0915,0.346,-6.382999999999999,0.295,183.35,Energetic
Tiësto,Halfway There (feat. Lena Leon),Halfway There (feat. Lena Leon),2019-03-15,58,0.59,0.000753,0.888,0.00535,0.8170000000000001,0.0715,-4.151,0.0797,128.025,Energetic
Boysetsfire,Handful Of Redemption,Tomorrow Come Today,2003-01-01,34,0.508,0.00022,0.947,0.0315,0.0784,0.419,-3.684,0.0531,163.731,Energetic
Joe Jackson,Happy Ending,Body And Soul,1984-01-01,51,0.635,0.0973,0.8079999999999999,0.0,0.141,0.726,-5.026,0.0262,131.377,Happy
The Turtles,Happy Together,Happy Together,1967,74,0.584,0.55,0.3670000000000001,1.3800000000000003e-05,0.0818,0.588,-9.638,0.0328,120.175,Happy
Tash Sultana,Harvest Love,Harvest Love,2018-07-13,41,0.276,0.314,0.251,6.05e-06,0.122,0.18,-9.078,0.0295,95.705,Sad
Weezer,Hash Pipe,Weezer (Green Album),2001-05-15,65,0.578,0.000121,0.882,0.479,0.284,0.623,-6.354,0.044,125.603,Energetic
Avicii,Heaven - David Guetta & MORTEN Remix,Heaven (David Guetta & MORTEN Remix),2019-08-23,66,0.5720000000000001,0.00292,0.934,0.0198,0.105,0.204,-5.053,0.0446,125.948,Happy
Cigarettes After Sex,Heavenly,Heavenly,2019-08-28,3,0.539,0.617,0.4320000000000001,0.6920000000000001,0.11,0.133,-9.298,0.0249,105.196,Sad
Collective Soul,Heavy,Home,2006-02-07,55,0.535,0.000919,0.8540000000000001,0.00149,0.0676,0.618,-6.519,0.0368,106.929,Energetic
The Beatles,Here Comes The Sun - Remastered 2009,Abbey Road (Remastered),1969-09-26,83,0.557,0.0339,0.54,0.00248,0.179,0.394,-10.484000000000002,0.0347,129.171,Happy
AC/DC,Highway to Hell,Highway to Hell,1979-07-27,83,0.574,0.061,0.913,0.00158,0.156,0.423,-4.793,0.133,115.728,Happy
Scary Kids Scaring Kids,Holding On,Scary Kids Scaring Kids,2007-09-25,45,0.421,0.000442,0.935,0.000212,0.1,0.455,-5.153,0.0697,165.02,Energetic
Trapt,Hollowman,Trapt,2002-11-05,36,0.502,0.000214,0.92,0.0,0.306,0.182,-4.588,0.0611,159.884,Energetic
Galantis,Holy Water,Holy Water,2019-09-27,62,0.5870000000000001,0.0653,0.7340000000000001,0.000571,0.398,0.401,-4.558,0.0407,125.848,Energetic
Lucas & Steve,Home,Home,2018-07-20,46,0.544,0.00851,0.932,0.00811,0.157,0.337,-5.816,0.0679,125.954,Energetic
My Chemical Romance,"Honey, This Mirror Isn't Big Enough for the Two of Us","I Brought You My Bullets, You Brought Me Your Love",2002,54,0.383,0.000328,0.946,1.13e-06,0.0537,0.534,-8.122,0.0789,108.591,Energetic
Steve Aoki,Hoovela,Hoovela,2018-10-05,0,0.341,0.00123,0.989,0.8220000000000001,0.4,0.119,-3.828,0.111,103.48,Happy
OMC,How Bizarre,How Bizarre,1996,0,0.784,0.261,0.675,1.4e-06,0.293,0.8540000000000001,-7.718,0.049,124.908,Happy
Eartheater,How To Fight,How To Fight,2020-08-05,38,0.404,0.7020000000000001,0.249,0.000911,0.171,0.284,-15.880999999999998,0.0472,120.221,Sad
Cult Solo,Human Connection,Human Connection,2017-11-02,49,0.6,0.0938,0.882,0.912,0.0542,0.347,-8.394,0.0311,120.008,Happy
Sick Individuals,Humans (Let Me Love You),Humans (Let Me Love You),2019-05-24,59,0.584,0.21,0.835,1.49e-06,0.126,0.371,-3.663,0.0584,128.106,Happy
Anna Calvi,Hunter,Hunter,2018-07-31,22,0.439,0.316,0.454,0.000696,0.0901,0.388,-8.251,0.028,97.97,Sad
Monocle Twins,Hypnagogia Well,Hypnagogia Well,2019-10-17,50,0.545,0.7709999999999999,0.253,0.922,0.108,0.0529,-17.953,0.033,115.848,Calm
Shoffy,I Can't Help (with Sarcastic Sounds),I Can't Help (with Sarcastic Sounds),2020-02-07,47,0.7140000000000001,0.393,0.4,0.000718,0.109,0.318,-8.264,0.0618,81.97399999999998,Sad
BADBADNOTGOOD,I Don't Know (feat. Samuel T. Herring),I Don't Know (feat. Samuel T. Herring),2017-10-20,0,0.389,0.24,0.52,0.00467,0.337,0.654,-8.113999999999999,0.0332,134.329,Sad
Random Forest,I Don't Trust That Bird of Prey,Requiescence,2019-10-04,51,0.52,0.605,0.305,0.899,0.16,0.0389,-14.38,0.0322,120.109,Calm
Godsmack,I Stand Alone,"Good Times, Bad Times - Ten Years of Godsmack",2007-01-01,0,0.211,4.51e-05,0.921,0.0,0.1,0.351,-4.468,0.0729,171.9,Energetic
Mike Posner,I Took A Pill In Ibiza,"At Night, Alone.",2016-05-06,0,0.636,0.618,0.319,1.7e-06,0.125,0.378,-10.065,0.0718,74.109,Sad
KISS,I Was Made For Lovin' You,Dynasty (Remastered Version),1979-03-23,1,0.768,0.213,0.852,7.45e-05,0.0723,0.867,-6.215,0.038,128.374,Happy
Prince,I Would Die 4 U,Purple Rain,1984-06-25,61,0.731,0.0862,0.75,0.000388,0.202,0.639,-10.457,0.0321,135.406,Happy
Efterklang,I dine øjne,I dine øjne,2019-08-21,0,0.67,0.762,0.417,0.0214,0.104,0.0708,-12.553,0.0404,121.13,Sad
My Chemical Romance,I'm Not Okay (I Promise),Three Cheers for Sweet Revenge,2004-06-08,73,0.21,0.00602,0.94,0.0,0.269,0.255,-3.427,0.123,179.722,Energetic
Spiritualized,I'm Your Man,And Nothing Hurt,2018-09-07,32,0.429,0.475,0.356,0.481,0.125,0.0965,-7.615,0.0282,139.915,Sad
TT,I've Been Fine,LoveLaws,2018-05-18,23,0.5479999999999999,0.13,0.569,0.00134,0.0584,0.265,-6.215,0.039,75.082,Sad
Dimitri Vangelis & Wyman,ID8,ID8,2020-03-06,51,0.5760000000000001,0.0198,0.948,0.000123,0.6829999999999999,0.193,-4.251,0.0898,128.029,Happy
Yonder Dale,If You Believe,Unification,2020-05-22,37,0.575,0.937,0.202,0.441,0.103,0.142,-18.544,0.0444,139.94299999999998,Calm
King Princess,If You Think It's Love,Cheap Queen,2019-10-25,57,0.4320000000000001,0.807,0.34,0.0,0.0864,0.449,-7.977,0.0824,135.172,Sad
DeLange,Images,Images,2020-06-05,42,0.387,0.993,0.00579,0.929,0.136,0.1369999999999999,-21.823,0.0439,111.991,Calm
Lucas Delphy,In This Moment,In This Moment,2019-05-27,51,0.479,0.7709999999999999,0.221,0.856,0.101,0.089,-19.689,0.0325,115.965,Calm
LEFT.,Indigo,Indigo,2019-03-08,49,0.503,0.488,0.504,1.59e-06,0.122,0.67,-6.843,0.416,85.39,Sad
Amaranth Cove,Infinite Sustain,Infinite Sustain,2019-10-04,57,0.529,0.8,0.214,0.907,0.109,0.0903,-19.268,0.0315,124.069,Calm
Eline Moss,Ingénue,Ingénue,2019-11-18,55,0.283,0.993,0.122,0.905,0.0927,0.112,-23.074,0.0285,83.74600000000002,Calm
Hoobastank,Inside Of You,Every Man For Himself (Red Package),2006-01-01,0,0.435,0.000203,0.884,0.0,0.0876,0.82,-3.468,0.0392,201.773,Energetic
Disturbed,Inside the Fire,Disturbed,2010-04-26,12,0.463,0.000233,0.962,0.109,0.0906,0.66,-6.43,0.0704,94.003,Energetic
Ton Snijders,Inside*,Inside*,2020-06-12,8,0.266,0.99,0.0028,0.889,0.0933,0.151,-33.729,0.0493,132.58100000000002,Calm
Manuel Ponce,Intermezzo No. 1 in E Minor,Intermezzo No. 1 in E Minor,2014,7,0.31,0.995,0.0987,0.86,0.7140000000000001,0.0558,-25.408,0.0444,106.205,Calm
Blouse,Into Black,Blouse,2011-10-31,47,0.705,0.463,0.6809999999999999,0.8390000000000001,0.123,0.7070000000000001,-8.277999999999999,0.0258,114.003,Sad
Job Roggeveen,Isonoe,GLIESE,2020-02-28,23,0.365,0.983,0.119,0.919,0.112,0.249,-20.962,0.0405,147.57299999999995,Calm
Emmrose,It Takes Me Back,Hopeless Romantics,2020-03-20,41,0.487,0.902,0.111,0.000107,0.35,0.179,-11.608,0.0356,87.161,Sad
X-Ecutioners,It's Goin' Down (feat. Mike Shinoda & Mr. Hahn),Built From Scratch,2002-02-26,40,0.674,0.00165,0.89,0.0136,0.0465,0.9,-3.953,0.274,104.862,Energetic
Lolo Zouaï,It's My Fault,It's My Fault,2020-04-24,54,0.647,0.815,0.235,1.7800000000000002e-05,0.233,0.0382,-10.123,0.0389,129.85,Sad
Labrinth,Jealous,Jealous,2014-11-21,79,0.435,0.873,0.155,0.0,0.107,0.0935,-8.948,0.046,128.532,Sad
Sufjan Stevens,"John Wayne Gacy, Jr.",Illinois,2005-07-05,50,0.463,0.917,0.179,1.73e-05,0.12,0.183,-14.852,0.0402,80.747,Sad
Reinhard Vanbergen,Juliens Journey,Juliens Journey,2020-05-29,33,0.578,0.994,0.0154,0.945,0.0799,0.244,-24.126,0.0987,123.953,Calm
Sharon Van Etten,Jupiter 4,Jupiter 4,2018-11-27,39,0.475,0.0168,0.498,0.4920000000000001,0.1369999999999999,0.0592,-10.609000000000002,0.0303,88.882,Sad
Depeche Mode,Just Can't Get Enough - Live in Hammersmith,Love In Itself.2 and Live Tracks,1983-01-01,56,0.653,0.0082,0.975,0.5,0.6779999999999999,0.911,-9.071,0.0409,126.919,Happy
369,Just Look at You,432 Water Crystals,2020-02-21,59,0.5579999999999999,0.985,0.249,0.925,0.103,0.111,-14.715,0.0303,94.991,Calm
"Grover Washington, Jr.",Just the Two of Us (feat. Bill Withers),Anthology,1985,70,0.8029999999999999,0.5760000000000001,0.488,0.0609,0.0763,0.624,-9.303,0.0803,95.771,Happy
Rosie Carney,K.,K.,2018-01-05,58,0.348,0.962,0.226,0.00483,0.135,0.173,-10.918,0.0386,129.251,Sad
This Mortal Coil,Kangaroo (Remastered),It'll End In Tears (Remastered),1984,47,0.19,0.768,0.1669999999999999,0.1639999999999999,0.126,0.0491,-11.298,0.0291,169.636,Sad
Burgundy Skies,Kaolnite,Kaolnite,2019-03-15,50,0.247,0.622,0.231,0.87,0.0878,0.0485,-19.639,0.0328,174.014,Calm
Mark Milan,Keep Going,Keep Going,2019-12-20,31,0.385,0.994,0.305,0.949,0.109,0.172,-12.044,0.0466,74.024,Calm
Bat For Lashes,Kids In The Dark,Kids In The Dark,2019-06-10,35,0.47,0.524,0.526,0.00557,0.0856,0.257,-10.987,0.0307,138.97799999999998,Sad
Rage Against The Machine,Killing In The Name,Rage Against The Machine - XX (20th Anniversary Special Edition),1992,78,0.466,0.0266,0.833,0.0,0.0327,0.6609999999999999,-4.215,0.304,88.785,Energetic
Rustin Man,Kinky Living,Clockdust,2020-03-20,19,0.526,0.7090000000000001,0.493,0.606,0.0993,0.574,-9.728,0.0428,154.071,Sad
Pale Saints,Kinky Love,Flesh Balloon,1991-06-24,46,0.376,0.133,0.277,0.0,0.0643,0.309,-18.291,0.0357,178.81400000000005,Sad
Prince,Kiss,Parade - Music from the Motion Picture Under the Cherry Moon,1986-03-31,73,0.898,0.0135,0.271,0.00138,0.0461,0.742,-12.238,0.091,111.485,Happy
Daryl Hall & John Oates,Kiss On My List - Remastered,Hall & Oates,2006-05-15,37,0.8059999999999999,0.138,0.847,0.00157,0.067,0.97,-4.47,0.0319,121.718,Happy
Isaac Elton,Kiss You All Over - Single Edit,Kiss You All Over,2017-10-03,47,0.696,0.0578,0.8240000000000001,8.56e-06,0.158,0.667,-5.67,0.0538,126.023,Energetic
YuMe,Kite,Kite,2020-02-07,35,0.534,0.973,0.019,0.8959999999999999,0.108,0.157,-26.071,0.0413,115.917,Calm
Joep Beving,Klangfall - Piano Version,Klangfall (Piano Version),2020-01-17,42,0.394,0.993,0.0807,0.944,0.0964,0.0394,-25.987,0.0318,124.904,Calm
City of the Sun,La Luz,Chapter I,2019-11-15,49,0.5589999999999999,0.0463,0.441,0.763,0.115,0.389,-13.862,0.0398,94.014,Calm
Johnning,Last Time,Last Time,2020-05-15,54,0.628,0.111,0.5870000000000001,0.0,0.156,0.4,-5.195,0.0441,140.01,Sad
Paul Simon,Late in the Evening,One-Trick Pony,1980-08-01,60,0.72,0.199,0.88,0.0246,0.0865,0.961,-8.988,0.0406,118.623,Happy
Dreyma,Laugavegur,Laugavegur,2018-10-09,56,0.515,0.54,0.408,0.769,0.0916,0.308,-12.688,0.0385,115.002,Calm
Major Lazer,Lay Your Head On Me (feat. Marcus Mumford),Lay Your Head On Me (feat. Marcus Mumford),2020-03-26,61,0.6579999999999999,0.0471,0.765,1.02e-05,0.0936,0.222,-7.002000000000002,0.0469,119.974,Happy
James Bay,Let It Go,Chaos And The Calm,2014-12-15,73,0.546,0.818,0.311,1.65e-05,0.107,0.246,-10.396,0.0288,147.464,Sad
Jehnny Beth,Let It Out,Xy Chelsea (Original Soundtrack),2019-06-07,38,0.596,0.381,0.528,0.8590000000000001,0.205,0.15,-12.481,0.0289,117.041,Sad
Prince,Let's Go Crazy,Purple Rain,1984-06-25,63,0.309,0.0192,0.93,0.0022,0.106,0.376,-6.399,0.125,195.815,Happy
Oliver Heldens,Lift Me Up (feat. Carla Monroe),Lift Me Up (feat. Carla Monroe),2019-11-15,65,0.579,0.0426,0.784,0.0235,0.317,0.562,-4.686,0.0659,125.122,Energetic
Evan Michael Brown,Light Year,Light Year,2019-07-28,51,0.301,0.99,0.189,0.893,0.106,0.0379,-16.072,0.0351,139.894,Calm
The National,Light Years,Light Years,2019-04-04,0,0.544,0.95,0.316,0.7,0.0978,0.173,-11.666,0.0307,124.989,Sad
Mike Candys,Lights Go Down,Lights Go Down,2019-10-18,57,0.741,0.00254,0.812,0.104,0.301,0.146,-5.356,0.039,124.991,Energetic
Isaac Elton,Like The First Time - House Mix,Like The First Time,2018-02-01,50,0.775,0.00481,0.8759999999999999,0.0536,0.6609999999999999,0.797,-9.58,0.0383,123.979,Energetic
Melissa Etheridge,Like The Way I Do,Greatest Hits - The Road Less Traveled,2005,0,0.591,0.0213,0.931,0.0,0.122,0.6729999999999999,-4.84,0.0557,101.551,Happy
Fedde Le Grand,Like We Do,Like We Do,2019-05-13,48,0.614,0.0125,0.96,0.687,0.366,0.0392,-5.081,0.0465,128.019,Energetic
Lucas Delphy,Limitless,Limitless,2019-10-31,54,0.238,0.404,0.191,0.888,0.107,0.0365,-20.242,0.0351,140.282,Calm
No Vacation,Linger,Linger,2019-04-01,40,0.54,0.0122,0.574,0.000658,0.226,0.225,-7.006,0.0232,94.975,Sad
The Doobie Brothers,Listen to the Music,Toulouse Street,1972,77,0.645,0.221,0.598,3.53e-06,0.0721,0.913,-13.18,0.0335,105.929,Happy
The Used,Listening,In Love and Death,2004-09-27,40,0.475,0.000121,0.907,0.0,0.034,0.408,-5.064,0.0941,92.578,Energetic
Minxz,Litost,Litost,2019-04-26,22,0.383,0.988,0.101,0.919,0.102,0.242,-18.306,0.0427,119.709,Calm
Mumford & Sons,Little Lion Man,Sigh No More (Benelux Edition),2012-11-16,46,0.515,0.0244,0.496,7.24e-06,0.0895,0.442,-8.017999999999999,0.0275,138.61,Happy
Of Monsters and Men,Little Talks,My Head Is An Animal,2012-01-01,78,0.457,0.0206,0.757,0.0,0.146,0.417,-5.1770000000000005,0.032,102.961,Happy
Bush,Little Things,Sixteen Stone,1994-12-06,0,0.3670000000000001,0.000229,0.915,0.0,0.184,0.215,-5.452999999999999,0.0682,112.642,Energetic
EERA,Living,Reflection of Youth,2017-11-03,31,0.46,0.14,0.59,0.591,0.112,0.212,-9.375,0.0327,118.008,Sad
The Kinks,"Lola - Live at Providence Civic Center, Providence, RI - September 1979",One for the Road (Live),1980-06-04,53,0.488,0.153,0.777,0.0312,0.825,0.481,-12.658,0.0894,81.437,Happy
Foals,London Thunder,London Thunder,2015-08-24,37,0.489,0.6409999999999999,0.357,0.333,0.0838,0.0388,-9.745,0.0259,92.009,Sad
Andrew Gold,Lonely Boy,What's Wrong with This Picture?,1976,55,0.588,0.0386,0.598,5.83e-05,0.107,0.866,-13.288,0.0296,123.724,Happy
Tom Odell,Long Way Down,Long Way Down (Deluxe),2013-06-24,59,0.3670000000000001,0.972,0.121,0.0322,0.0871,0.0926,-13.778,0.0335,132.244,Sad
Cocteau Twins,Lorelei,Treasure,1984-11-01,53,0.387,0.000158,0.669,0.423,0.166,0.414,-11.187,0.0395,90.995,Sad
Search For Atlantis,Los Feliz,Los Feliz,2019-05-27,49,0.575,0.197,0.373,0.898,0.0753,0.123,-11.642,0.0279,74.975,Calm
Aquilo,Losing You,Human,2014-12-08,50,0.383,0.63,0.446,0.0,0.0946,0.213,-8.693,0.0382,77.399,Sad
Annelie,Lost,Lost,2020-06-05,64,0.389,0.972,0.1,0.934,0.113,0.0676,-22.464,0.0358,133.839,Calm
Nightlands,Lost Moon,I Can Feel the Night Around Me,2017-05-05,33,0.448,0.328,0.591,0.708,0.111,0.303,-9.291,0.0327,145.482,Sad
Amy Winehouse,Love Is A Losing Game,Back To Black,2006-01-01,0,0.48,0.317,0.561,0.0064099999999999,0.184,0.541,-5.874,0.027,164.791,Sad
Bill Withers,Lovely Day,Lean on Me: The Best of Bill Withers,1994-08-09,67,0.693,0.194,0.565,0.000175,0.0806,0.6920000000000001,-12.583,0.0345,97.937,Happy
Marc Torch,Lunar Eclipse,Lunar Eclipse,2020-05-22,50,0.632,0.224,0.469,0.8540000000000001,0.0902,0.316,-10.513,0.0307,128.0,Calm
Arthur Jussen,"Ma mère l'oye, M.60 - For Piano Duet, M.60: 1. Pavane de la Belle au bois dormant",Jeux,2013-01-01,29,0.517,0.995,0.0145,0.884,0.0719,0.5489999999999999,-42.018,0.0615,62.122,Calm
Bush,Machinehead,Bush Digital Collection,2005,0,0.15,4.24e-05,0.875,0.00103,0.0957,0.156,-7.27,0.0975,169.80599999999995,Energetic
Hooverphonic,Mad About You,The Magnificent Tree,2000,62,0.465,0.00109,0.8440000000000001,0.399,0.0865,0.155,-4.352,0.0379,170.358,Happy
Quintino,Make Believe,Make Believe,2019-08-09,59,0.5870000000000001,0.03,0.882,0.116,0.195,0.0653,-5.837999999999999,0.0427,127.97,Energetic
Matthew Harvey,Malibu,Malibu,2019-08-14,50,0.435,0.977,0.154,0.85,0.0728,0.0799,-21.451,0.0367,148.1,Calm
Tindersticks,Marbles,The First Tindersticks Album,1993-10-11,40,0.49,0.0934,0.521,0.862,0.266,0.148,-9.601,0.0295,107.778,Sad
Paul Simon,Me and Julio Down by the Schoolyard,Paul Simon,1972-01-14,73,0.626,0.237,0.816,1.8e-06,0.104,0.7979999999999999,-10.593,0.13,105.33,Happy
Biba Dupont,Melancholé,Melancholé,2020-06-26,34,0.369,0.996,0.0283,0.941,0.101,0.119,-25.76,0.0399,83.391,Calm
Hilary Hahn,Mercy - Live,Retrospective,2018-01-19,0,0.211,0.916,0.0838,0.41,0.102,0.0404,-20.882,0.0398,90.249,Calm
The Police,Message In A Bottle - Remastered 2003,Reggatta De Blanc (Remastered),1979-10-02,1,0.5770000000000001,0.0338,0.8079999999999999,1.33e-05,0.221,0.8690000000000001,-7.04,0.039,151.00799999999995,Happy
Nicky Romero,Midnight Sun,Midnight Sun,2019-05-10,57,0.614,0.0574,0.98,2.51e-05,0.086,0.179,-3.61,0.199,127.062,Energetic
Reina del Mar,Mil Sonidos,Mil Sonidos,2019-10-11,59,0.221,0.958,0.183,0.821,0.102,0.057,-17.59,0.0362,117.321,Calm
Patrick Hamilton,Mind-wanders,Journey to the unknown,2020-07-10,32,0.312,0.959,0.0185,0.901,0.111,0.147,-25.607,0.0437,176.972,Calm
Amoll,Mindfulness,Mindfulness,2019-12-13,29,0.6920000000000001,0.992,0.00643,0.847,0.0452,0.16,-34.388000000000005,0.0553,105.987,Calm
Daniel Blumberg,Minus,Minus,2018-03-15,0,0.244,0.501,0.254,0.0458,0.105,0.0909,-12.966,0.0296,81.04899999999998,Sad
The Rolling Stones,Miss You - Remastered,Some Girls (Deluxe Version),1978-06-09,53,0.795,0.443,0.71,0.0215,0.344,0.845,-4.746,0.0392,109.689,Happy
Wilson Trouvé,Misty Mornings,Misty Mornings,2020-01-10,30,0.522,0.981,0.0781,0.927,0.361,0.0796,-24.89,0.0424,107.038,Calm
Monocle Twins,Momentum,Momentum,2020-04-08,52,0.636,0.8909999999999999,0.248,0.922,0.106,0.138,-17.313,0.0309,117.006,Calm
Le Verne,Montana,Montana,2019-05-13,49,0.435,0.913,0.0595,0.882,0.104,0.0898,-17.456,0.0435,115.929,Calm
Antuigo,Monumental,Monumental,2020-01-28,56,0.491,0.916,0.217,0.962,0.177,0.0647,-6.805,0.0521,99.97,Calm
Vochey,Morning Shimmer,Morning Shimmer,2020-05-13,49,0.449,0.58,0.163,0.908,0.114,0.0501,-16.409000000000002,0.0361,125.088,Calm
Steven Vrancken,Moulain (Revisited 432hz),Moulain (Revisited 432hz),2020-07-24,30,0.424,0.972,0.3229999999999999,0.904,0.103,0.436,-27.586,0.0287,133.382,Calm
Weyes Blood,Movies,Movies,2019-03-19,30,0.0903,0.6459999999999999,0.362,0.402,0.106,0.0964,-8.929,0.0337,74.729,Sad
Electric Light Orchestra,Mr. Blue Sky,Out of the Blue,1977,82,0.388,0.652,0.338,3.72e-06,0.248,0.477,-10.054,0.0328,177.78400000000005,Happy
Counting Crows,Mr. Jones,August And Everything After,1993-01-01,77,0.578,0.183,0.8170000000000001,3.06e-06,0.285,0.726,-6.542000000000002,0.0363,141.621,Happy
Staind,Mudshovel,Dysfunction,1999-04-13,65,0.328,0.000224,0.826,0.000944,0.0818,0.341,-5.085,0.0362,106.606,Energetic
AURORA,"Murder Song (5, 4, 3, 2, 1) - Acoustic",All My Demons Greeting Me As A Friend (Deluxe),2016-03-11,55,0.398,0.902,0.0887,1.76e-06,0.0873,0.356,-13.683,0.0334,74.797,Sad
The Cardigans,My Favourite Game,Best Of,2008-01-25,0,0.594,0.000156,0.7659999999999999,0.00345,0.086,0.453,-7.598,0.0327,143.482,Energetic
Foo Fighters,My Hero,Greatest Hits,2009-11-03,60,0.364,6.01e-05,0.925,0.000251,0.0603,0.301,-4.224,0.0659,153.981,Energetic
Lit,My Own Worst Enemy,A Place In The Sun,1999-02-22,72,0.494,0.00129,0.946,0.0,0.398,0.741,-2.757,0.0637,103.408,Energetic
The Knack,My Sharona,Get The Knack,1979-01-01,74,0.586,0.0589,0.7,0.00125,0.0318,0.897,-9.558,0.0363,147.245,Happy
Nicky Romero,My Way - Marcus Santoro Remix,My Way (ft. Alice Berg) [Marcus Santoro Remix],2019-03-19,0,0.563,0.0122,0.882,2.09e-06,0.0641,0.296,-4.755,0.0596,125.043,Energetic
TT,Mykki,LoveLaws,2018-05-18,25,0.665,0.336,0.56,0.0857,0.327,0.414,-7.301,0.0667,98.015,Sad
Matteo Myderwyk,Nazareth,Nazareth,2019-10-17,22,0.378,0.995,0.0181,0.8809999999999999,0.104,0.16,-31.001,0.0552,86.53299999999999,Calm
Faustix,Need You - Ed. & Gustav Munk Remix,Need You (Remixes),2019-09-20,52,0.6559999999999999,0.00352,0.723,0.0,0.345,0.412,-7.693,0.0366,125.005,Happy
Blasterjaxx,Never Be Lonely (feat. Envy Monroe),Never Be Lonely (feat. Envy Monroe),2019-06-07,56,0.5870000000000001,0.207,0.85,0.0,0.64,0.528,-3.904,0.0654,127.914,Energetic
Audien,Never Letting Go,Never Letting Go,2018-11-09,58,0.534,0.0915,0.765,0.00107,0.225,0.117,-3.151,0.0338,127.978,Happy
Isobel Campbell,Never My Love,Voices In The Sky,2020-08-07,37,0.764,0.6659999999999999,0.245,0.787,0.0967,0.356,-16.201,0.0383,101.968,Sad
Wilson Trouvé,Night,Night,2020-04-24,31,0.428,0.995,0.00129,0.955,0.0913,0.13,-32.837,0.0753,67.645,Calm
Bob Seger,Night Moves,Night Moves,1976-10-22,71,0.705,0.4320000000000001,0.743,0.0133,0.103,0.374,-6.631,0.042,118.552,Happy
DeLange,Night Surrender,Night Surrender,2020-07-17,38,0.211,0.993,0.00977,0.8909999999999999,0.0996,0.13,-25.787,0.0396,175.39700000000005,Calm
Jerkcurb,Night on Earth,Night on Earth,2016-07-04,38,0.268,0.0656,0.494,2.61e-05,0.123,0.136,-7.2189999999999985,0.0321,102.065,Sad
Dada Life,No More 54,No More 54,2019-03-22,46,0.541,0.000492,0.967,0.6759999999999999,0.103,0.134,-5.682,0.0529,126.026,Energetic
Queens of the Stone Age,No One Knows,Songs For The Deaf,2002,36,0.509,0.0329,0.583,0.000124,0.359,0.67,-4.902,0.0615,170.886,Energetic
Billie Eilish,No Time To Die,No Time To Die,2020-02-13,82,0.38,0.917,0.219,0.0104,0.0827,0.0517,-13.273,0.0358,73.53699999999998,Sad
Whitney,No Woman,Light Upon the Lake,2016-06-03,66,0.581,0.893,0.4,0.5760000000000001,0.161,0.433,-8.738999999999999,0.0291,112.331,Sad
Mac DeMarco,Nobody,Nobody,2019-03-05,50,0.877,0.7759999999999999,0.178,0.0193,0.107,0.442,-13.987,0.102,74.997,Sad
Ton Snijders,North,Solo (1*),2020-08-07,26,0.522,0.994,0.0155,0.927,0.0949,0.119,-28.022,0.0441,91.764,Calm
Lundegard,North Captiva,North Captiva,2020-06-12,48,0.479,0.918,0.346,0.929,0.111,0.23,-17.916,0.0306,143.965,Calm
Otto Knows,Not Alone,Not Alone,2016-11-25,44,0.68,0.0053799999999999,0.721,0.000216,0.0679,0.267,-6.21,0.0355,122.0,Happy
Smile Empty Soul,Nowhere Kids,Shapeshifter,2016-04-01,36,0.511,0.000106,0.914,0.00097,0.195,0.393,-5.31,0.0457,99.011,Energetic
Seafret,Oceans,Oceans - EP,2015-01-21,61,0.404,0.274,0.48,8.63e-06,0.132,0.2,-8.906,0.0303,129.162,Sad
Various Artists,October Rain,Recollections Vol. 4,2020-03-27,36,0.187,0.992,0.014,0.923,0.0925,0.144,-29.31,0.0418,69.012,Calm
Cora Zea,Old Rain on a New Day,Celestial Siren,2020-03-13,54,0.286,0.971,0.14,0.892,0.134,0.154,-16.496,0.0346,119.191,Calm
Lennon Stella,Older Than I Am,Three. Two. One.,2020-04-24,66,0.44,0.8909999999999999,0.306,0.0,0.103,0.201,-8.947000000000003,0.0363,117.288,Sad
Fleet Foxes,On Another Ocean (January / June),On Another Ocean (January / June) [Edit],2017-09-29,0,0.284,0.155,0.523,0.0934,0.0933,0.0697,-6.5120000000000005,0.0285,100.597,Sad
Robbie Rivera,On My Way (feat. Jordan Kaahn),On My Way (feat. Jordan Kaahn),2018-07-20,48,0.6609999999999999,0.0188,0.93,0.00146,0.0919,0.3670000000000001,-4.208,0.0617,122.052,Happy
Labi Ramaj,One More Night,One More Night,2020-02-20,41,0.62,0.00402,0.897,8.56e-05,0.108,0.183,-3.595,0.086,126.013,Energetic
Cedric Gervais,One Night - D.O.D Remix,One Night (D.O.D Remix),2018-05-04,41,0.6809999999999999,0.00732,0.969,0.199,0.219,0.26,-1.394,0.0702,126.024,Energetic
Linkin Park,One Step Closer,Hybrid Theory,2000-10-24,54,0.4920000000000001,0.0014,0.969,1.32e-06,0.0787,0.5379999999999999,-4.419,0.0491,95.136,Energetic
RY X,Only,Only,2016-03-04,0,0.373,0.906,0.178,0.5579999999999999,0.109,0.0933,-15.52,0.0303,108.605,Sad
Joshua Radin,Only You,We Were Here,2006,55,0.545,0.362,0.255,1.77e-05,0.0841,0.831,-14.844,0.0311,98.088,Sad
Faelt,Open Fields,Open Fields,2020-06-30,39,0.491,0.97,0.197,0.916,0.214,0.216,-19.261,0.0298,132.106,Calm
Lost Horse Mine,Open Skies,Open Skies,2020-04-28,52,0.56,0.00104,0.5589999999999999,0.812,0.123,0.0869,-7.807,0.0274,133.04399999999998,Calm
Halfway Escape,Orbits,Orbits,2020-07-07,33,0.438,0.855,0.404,0.8809999999999999,0.11,0.4,-13.924,0.039,116.142,Calm
My Chemical Romance,Our Lady of Sorrows,"I Brought You My Bullets, You Brought Me Your Love",2002,50,0.271,0.00099,0.931,0.0,0.182,0.382,-6.81,0.0785,142.407,Energetic
Hoobastank,Out Of Control,The Reason,2003-01-01,0,0.443,0.00161,0.973,0.0,0.353,0.458,-4.386,0.133,157.872,Energetic
Lupe Fuentes,Out Of Control - Pat Vocal Mix,Out Of Control EP,2017-11-27,43,0.8640000000000001,0.00875,0.742,0.394,0.41,0.6890000000000001,-6.117000000000001,0.043,124.009,Energetic
Lush,Out of Control,Blind Spot,2017-09-30,0,0.328,0.0041,0.799,6.29e-06,0.069,0.502,-5.992000000000001,0.0296,169.896,Sad
Olivia Belli,Out of the Deep,Out Of The Deep,2020-03-13,45,0.2,0.992,0.0212,0.903,0.0929,0.0631,-32.285,0.0499,74.852,Calm
MorMor,Outside,Outside,2019-03-21,51,0.637,0.0925,0.613,0.425,0.156,0.598,-7.432,0.0272,127.006,Sad
Sum 41,Over My Head (Better Off Dead),Does This Look Infected?,2002-01-01,49,0.44,0.00222,0.919,0.00503,0.0892,0.773,-4.462,0.0735,184.324,Energetic
The War On Drugs,Pain,A Deeper Understanding,2017-08-25,60,0.523,0.00387,0.833,0.000339,0.0841,0.482,-4.374,0.0405,115.975,Sad
LudoWic,Panoramic Feelings (Piano Version),Panoramic Feelings (Piano Version),2019-10-25,33,0.25,0.991,0.0084599999999999,0.8959999999999999,0.0853,0.0638,-24.34800000000001,0.0373,78.55199999999998,Calm
Linkin Park,Papercut,Hybrid Theory (Bonus Edition),2000-10-24,73,0.524,0.00022,0.939,0.0,0.623,0.6609999999999999,-3.994,0.113,150.184,Energetic
Anberlin,Paperthin Hymn,Never Take Friendship Personal,2005-01-01,53,0.298,0.00111,0.597,0.0,0.0819,0.536,-12.107,0.0343,180.43400000000003,Energetic
Matteo Myderwyk,Parabel,Parabel,2019-12-13,22,0.354,0.976,0.0214,0.903,0.0957,0.148,-32.492,0.0388,112.008,Calm
Coldplay,Paradise,Mylo Xyloto,2011-10-24,80,0.449,0.0522,0.585,8.49e-05,0.0833,0.203,-6.7620000000000005,0.0268,139.627,Happy
Finger Eleven,Paralyzer,Them vs. You vs. Me,2007-03-06,0,0.6459999999999999,0.159,0.938,0.0,0.235,0.888,-3.4530000000000003,0.0448,106.029,Energetic
MorMor,Pass The Hours,Pass The Hours,2018-12-07,54,0.778,0.179,0.639,0.000934,0.322,0.5429999999999999,-5.985,0.0292,119.977,Sad
Arya Shae,Path to Serenity,Path to Serenity,2020-03-28,54,0.134,0.961,0.0601,0.8690000000000001,0.109,0.0388,-19.866,0.0352,73.855,Calm
KAAZE,People Are Strange - Festival Mix,People Are Strange (Incl. Festival Mix),2019-11-01,51,0.636,0.00222,0.912,0.0269,0.598,0.0765,-5.671,0.091,127.963,Energetic
Birdy,People Help the People,Birdy (Deluxe Version),2011-11-04,58,0.407,0.778,0.308,1.46e-05,0.092,0.153,-9.001,0.0296,73.25399999999998,Sad
Cecelya,Petrichor,Petrichor,2019-01-29,54,0.319,0.937,0.122,0.905,0.1669999999999999,0.214,-16.69,0.0373,70.263,Calm
Ludwig van Beethoven,"Piano Sonata No. 14 In C Sharp Minor, Op. 27-2 1st Mvt: Adagio Sostenuto",Beethoven Piano Sonatas,2010-01-01,30,0.274,0.995,0.00332,0.909,0.175,0.17,-41.45,0.0424,67.765,Calm
Hicham Chahidi,Pierre,Virgule,2018,35,0.356,0.989,0.0499,0.943,0.135,0.153,-24.949,0.0407,67.11,Calm
Kornum & Karma,Pink Rupture,Pink Rupture,2018-04-27,51,0.736,0.00178,0.356,0.7040000000000001,0.0925,0.525,-8.676,0.0405,118.002,Happy
Estado De Calma,Placidity,Placidity,2019-08-19,50,0.261,0.474,0.25,0.893,0.0882,0.0827,-18.526,0.0339,153.045,Calm
Sofiane Pamart,Planet,PLANET,2019-11-22,0,0.5489999999999999,0.988,0.0604,0.8690000000000001,0.111,0.113,-23.059,0.0332,113.98,Calm
Sarah Davachi,Play The Ghost,Play The Ghost,2020-08-06,31,0.118,0.911,0.0567,0.879,0.106,0.0391,-19.274,0.0427,83.721,Sad
Taproot,Poem,Welcome,2002-09-30,57,0.364,0.000104,0.912,0.0025,0.086,0.6659999999999999,-2.968,0.107,105.368,Energetic
Linkin Park,Points of Authority,Hybrid Theory,2000-10-24,45,0.512,0.03,0.97,0.0,0.0994,0.4270000000000001,-3.886,0.212,94.952,Energetic
Breaking Benjamin,Polyamorous,Breaking Benjamin: Digital Box Set,2009-01-01,37,0.544,0.000132,0.895,0.107,0.147,0.875,-6.207000000000002,0.0522,98.128,Energetic
Sylvain Chauveau,Pour Les Oiseaux,Des Plumes Dans La Tête,2010-02-21,0,0.376,0.965,0.0879,0.944,0.099,0.308,-19.815,0.0423,70.433,Calm
Rise Against,Prayer Of The Refugee,Endgame / Appeal To Reason / Siren Song Of The Counter Culture / The Sufferer & The Witness,2012-01-01,0,0.198,0.00131,0.977,4.620000000000001e-05,0.23,0.351,-3.499,0.173,195.795,Energetic
Marynka,Prelude,Prelude,2020-05-22,30,0.306,0.996,0.0846,0.901,0.0909,0.118,-27.607,0.0535,164.732,Calm
Max Richter,Prelude 6 - Pt. 1,Voices,2020-07-31,55,0.134,0.992,0.0407,0.794,0.117,0.043,-31.537,0.0426,217.95,Calm
Alexander Motovilov,Prelude in F,Prelude in F,2020-08-07,19,0.461,0.968,0.272,0.946,0.113,0.5329999999999999,-24.315,0.0363,122.731,Calm
Van Stiles,Presence,Presence,2019-09-20,49,0.616,0.966,0.292,0.927,0.0955,0.0633,-16.837,0.0423,127.008,Calm
Seth Hills,Pressure,Pressure,2019-12-20,49,0.708,0.00885,0.863,0.366,0.285,0.4370000000000001,-4.001,0.0606,127.981,Energetic
Eve 6,Promise,Horrorscope,2000,48,0.62,0.0079099999999999,0.85,0.0,0.0769,0.715,-4.096,0.0327,107.982,Energetic
Foster The People,Pumped Up Kicks,Torches,2011-05-23,84,0.733,0.145,0.71,0.115,0.0956,0.965,-5.849,0.0292,127.975,Happy
Atlas Sound,Quick Canal (W/ Laetita Sadier),Logos,2009-10-19,42,0.299,0.1689999999999999,0.541,0.795,0.132,0.191,-10.640999999999998,0.0513,142.724,Sad
Various Artists,Quiet Room,Music For Mindfulness,2017-10-20,0,0.374,0.995,0.068,0.934,0.119,0.241,-21.842,0.0517,66.01,Calm
Mazzy Star,"Quiet, The Winter Harbor",Still EP,2018-06-01,37,0.321,0.973,0.0792,0.104,0.0888,0.106,-17.737000000000005,0.0329,145.293,Sad
Nina June,Raven's Feather - Piano Solo,Raven's Feather (Piano Solo),2019-12-20,34,0.594,0.988,0.0624,0.928,0.109,0.0738,-19.409,0.0472,123.999,Calm
Marlies du Mosch,Rayons de soleil,Rayons de soleil,2020-08-07,18,0.315,0.987,0.102,0.954,0.104,0.1689999999999999,-22.435,0.0423,63.679,Calm
Chocolate Puma,Reality,Reality EP,2018-10-22,42,0.6509999999999999,0.000934,0.836,0.932,0.112,0.0741,-6.154,0.0588,127.986,Happy
Olivia Belli,Rebuscano,Rebuscano,2020-06-26,37,0.416,0.99,0.0322,0.929,0.101,0.0614,-29.145,0.0451,120.321,Calm
Shannon Lay,Recording 15,Living Water,2017-09-22,60,0.552,0.956,0.126,0.0153,0.109,0.439,-18.014,0.0306,92.441,Sad
Underoath,Reinventing Your Exit,They're Only Chasing Safety,2004-01-01,57,0.45,0.000124,0.978,7.14e-06,0.361,0.268,-4.198,0.0637,155.014,Energetic
Dries Beheydt,Remains,Remains,2020-04-25,32,0.157,0.991,0.0755,0.897,0.184,0.119,-23.545,0.051,71.23,Calm
Bazzi,Renee's Song,Renee's Song,2020-04-01,73,0.593,0.794,0.229,0.0,0.1669999999999999,0.42,-8.888,0.0307,117.823,Sad
Rage Against The Machine,Renegades Of Funk,Renegades,2000-12-05,66,0.6509999999999999,0.00184,0.908,0.000579,0.384,0.769,-4.019,0.0577,123.851,Energetic
DubVision,Rescue Me,Rescue Me,2019-06-14,57,0.494,0.069,0.7390000000000001,0.000368,0.0664,0.235,-4.61,0.0427,128.007,Energetic
Domaine Blanc,Retrospectacular,Retrospectacular,2020-06-01,50,0.368,0.81,0.293,0.8640000000000001,0.11,0.197,-16.379,0.0346,119.977,Calm
Yonder Dale,Revitalize,Unification,2020-05-22,34,0.597,0.95,0.327,0.96,0.0966,0.0399,-15.743,0.0342,109.99,Calm
Nicky Romero,Ring The Alarm - Stadiumx Remix,Ring The Alarm (Remixes),2019-04-19,45,0.625,0.00032,0.994,0.0461,0.767,0.35,-1.689,0.0501,125.032,Energetic
Nicky Romero,Rise (ft. Matluck) - Thomas Gold Remix,Rise (ft. Matluck) [Thomas Gold Remix],2018-10-10,0,0.501,0.0071,0.784,0.000257,0.155,0.216,-4.292,0.0417,128.05200000000002,Energetic
St Woods,River,Bones,2020-05-08,42,0.304,0.73,0.317,0.00519,0.118,0.0596,-10.52,0.0285,147.83,Sad
Agnes Obel,Riverside,Philharmonics,2010-10-04,3,0.648,0.985,0.177,0.000353,0.134,0.236,-13.474,0.0311,99.101,Sad
Elton John,"Rocket Man (I Think It's Going To Be A Long, Long Time)",Honky Chateau,1972-05-19,82,0.601,0.4320000000000001,0.532,6.25e-06,0.0925,0.341,-9.119,0.0286,136.571,Happy
Ex:Re,Romance,Ex:Re,2018-11-30,0,0.716,0.884,0.644,0.617,0.138,0.464,-12.444,0.0718,121.053,Sad
OutKast,Roses,Speakerboxxx/The Love Below,2003,72,0.7509999999999999,0.0481,0.708,1.83e-05,0.107,0.509,-5.645,0.0545,108.97,Happy
Billy Talent,Rusted From the Rain,Billy Talent III,2009-09-22,47,0.431,0.000481,0.858,7.65e-06,0.385,0.616,-3.533,0.0306,174.979,Energetic
The National,Rylan,I Am Easy to Find,2019-05-17,56,0.609,0.403,0.789,0.0811,0.0446,0.7170000000000001,-5.565,0.0468,144.047,Sad
JP Saxe,Sad Corny Fuck,Hold It Together,2020-02-07,55,0.604,0.835,0.179,0.0,0.162,0.391,-15.383,0.0339,124.982,Sad
Marynka,Sadness,Red Moon,2020-06-26,33,0.35,0.991,0.0706,0.931,0.1,0.0877,-24.271,0.0441,102.507,Calm
Above & Beyond,Sahara Love - Seven Lions Remix,Sahara Love,2019-03-08,52,0.275,0.0418,0.659,4.15e-05,0.079,0.149,-5.631,0.039,144.908,Energetic
Hoobastank,Same Direction,The Reason,2003-01-01,0,0.401,0.00492,0.988,0.0,0.4,0.514,-3.3080000000000003,0.0916,169.024,Energetic
Regina Spektor,Samson,Begin to Hope (Special Edition),2006-06-13,51,0.49,0.862,0.193,9.74e-06,0.113,0.184,-9.544,0.0421,89.154,Sad
Harvest Silence,Saving Daylight,Saving Daylight,2020-05-01,52,0.526,0.456,0.385,0.922,0.0935,0.212,-13.755,0.0296,120.008,Calm
Rise Against,Savior,Appeal To Reason,2008-01-01,70,0.339,0.0015,0.931,0.0001419999999999,0.425,0.467,-3.425,0.062,112.548,Energetic
The Used,Say Days Ago,The Used,2002-06-25,40,0.362,0.00022,0.979,0.0,0.459,0.195,-4.262,0.205,89.431,Energetic
Elmau Dunkel,Schloss,Schloss,2019-05-24,51,0.438,0.968,0.073,0.755,0.0935,0.0668,-21.94400000000001,0.0411,79.973,Calm
Erik Frank,Secrets,Secrets,2018-09-28,57,0.743,0.762,0.748,6.25e-05,0.0939,0.476,-4.822,0.0519,126.086,Energetic
Steve Aoki,Send It,Send It,2019-10-04,60,0.6459999999999999,0.0199,0.979,0.7759999999999999,0.38,0.091,-5.312,0.101,124.066,Happy
Various Artists,Send Me on My Way,Music From Party of Five,1996-11-12,73,0.5,0.114,0.6809999999999999,4.01e-05,0.139,0.745,-9.556,0.0672,119.46,Happy
The White Stripes,Seven Nation Army,Elephant,2003-04-01,7,0.745,0.0066599999999999,0.466,0.35,0.272,0.303,-7.62,0.0864,123.889,Happy
AFTRHOURS,She Kind of Looks Like You,She Kind of Looks Like You,2017-07-21,41,0.9,0.632,0.255,3.91e-05,0.0953,0.483,-12.664,0.221,94.978,Sad
Pieter Savenberg,She Remembers (Piano Solo),She Remembers (Piano Solo),2020-07-30,27,0.619,0.996,0.0203,0.944,0.0812,0.337,-26.572,0.0369,135.86,Calm
Avery Young,Shifts Of Light,Still Waters,2018-10-30,53,0.455,0.931,0.216,0.921,0.0839,0.179,-20.107,0.0363,171.93599999999995,Calm
Fuel,Shimmer,The Best of Fuel,2005,57,0.263,0.00192,0.784,0.0,0.15,0.385,-6.513999999999999,0.054,114.671,Energetic
Manse,Shine,Shine,2019-08-02,54,0.428,0.0259,0.873,2.64e-05,0.6679999999999999,0.285,-3.499,0.0566,127.95,Happy
Sufjan Stevens,Should Have Known Better,Carrie & Lowell,2015-03-31,65,0.5710000000000001,0.979,0.172,0.275,0.124,0.297,-20.7,0.0318,90.972,Sad
The Clash,Should I Stay or Should I Go - Remastered,Hits Back,2013-08-26,68,0.742,0.0838,0.8440000000000001,0.0,0.418,0.85,-6.441,0.111,113.371,Happy
Julia Holter,Silhouette,Have You In My Wilderness,2015-09-25,37,0.445,0.173,0.469,0.000624,0.0998,0.535,-5.981,0.0291,178.05200000000005,Sad
Pieter de Graaf,Silver Lining,Silver Lining,2020-04-17,46,0.317,0.986,0.106,0.899,0.111,0.108,-20.574,0.0302,78.66,Calm
Passenger,Simple Song,The Boy Who Cried Wolf,2017-07-28,62,0.631,0.616,0.402,0.0114,0.0892,0.598,-11.125,0.0286,78.0,Sad
Various Artists,Sinking Man - The Walking Dead Soundtrack,The Walking Dead (AMC’s Original Soundtrack – Vol. 1),2013-01-01,0,0.684,0.905,0.0646,1.86e-05,0.0789,0.334,-18.052,0.0522,95.99,Sad
Made Of Gold,Sintra,Reflections,2020-06-09,49,0.395,0.984,0.147,0.909,0.0724,0.1669999999999999,-19.174,0.051,164.176,Calm
CamelPhat,Siren Song - Radio Edit,Siren Song,2015-12-25,39,0.71,0.00891,0.705,0.16,0.177,0.34,-7.417000000000002,0.0345,119.986,Happy
Bon Iver,Skinny Love,"For Emma, Forever Ago",2008-05-12,67,0.5920000000000001,0.8420000000000001,0.256,2.38e-06,0.088,0.103,-14.031,0.0449,76.361,Sad
Hope Sandoval and the Warm Inventions,Sleep,Son of a Lady,2017-09-15,25,0.55,0.843,0.596,0.462,0.15,0.207,-8.962,0.0335,143.18200000000004,Sad
The Lumineers,Slow It Down,The Lumineers,2012-01-01,0,0.423,0.928,0.0657,1.4e-06,0.0922,0.105,-14.421,0.0386,98.489,Sad
Lily Allen,Smile,"Alright, Still (Deluxe)",2006-07-14,75,0.632,0.00143,0.639,0.0,0.221,0.733,-5.938,0.0259,95.506,Happy
Alien Ant Farm,Smooth Criminal,Anthology,2001-01-01,0,0.653,0.00287,0.966,0.0026,0.143,0.8740000000000001,-4.2360000000000015,0.0598,126.921,Energetic
Florejan,Snowfall,Piano Piano,2019-11-29,31,0.4370000000000001,0.984,0.0747,0.914,0.109,0.175,-20.209,0.0648,117.078,Calm
Joep Beving,Solitude,Solitude,2020-04-17,57,0.342,0.995,0.0311,0.92,0.131,0.0634,-26.999,0.0355,97.622,Calm
The Killers,Some Kind Of Love,Wonderful Wonderful,2017-09-22,55,0.246,0.713,0.482,0.226,0.102,0.0776,-9.949,0.0359,141.863,Sad
Oliver Ingrosso,Somebody - Josef Bamba Remix Radio Edit,Somebody (Josef Bamba Remixes),2017-07-21,42,0.67,0.00162,0.88,0.0,0.261,0.312,-6.419,0.044,121.004,Happy
Gotye,Somebody That I Used To Know,Making Mirrors,2011-01-01,77,0.865,0.5479999999999999,0.521,0.000115,0.0989,0.748,-6.932,0.0371,129.059,Happy
City of the Sun,Someday,Chapter I,2019-11-15,53,0.5720000000000001,0.265,0.5710000000000001,0.917,0.109,0.115,-10.067,0.0331,96.986,Calm
Adele,Someone Like You,21,2011-01-19,79,0.5539999999999999,0.893,0.321,0.0,0.0996,0.288,-8.251,0.028,135.047,Sad
Thomas Gold,Someone New,Someone New,2019-06-14,58,0.655,0.00297,0.794,1.34e-05,0.1,0.389,-5.29,0.0765,127.957,Happy
Valentin,Somewhere Only We Know,Somewhere Only We Know,2020-05-25,51,0.472,0.84,0.305,0.0,0.142,0.584,-11.465,0.0295,165.9,Sad
Hope Sandoval and the Warm Inventions,Son of a Lady,Son of a Lady,2017-09-15,23,0.272,0.895,0.337,0.713,0.0764,0.0374,-13.724,0.0338,93.64,Sad
Wolf Alice,"Song to the Siren - Recorded at Strongroom Studios, London",Spotify Singles,2017-11-15,42,0.371,0.963,0.15,0.0,0.124,0.0785,-11.116,0.0294,68.774,Sad
Vicetone,South Beach,South Beach,2018-10-12,54,0.501,0.0303,0.887,2.64e-05,0.114,0.336,-3.941,0.0424,123.052,Energetic
Norman Greenbaum,Spirit In The Sky,Spirit In The Sky,1969-01-01,0,0.537,0.0939,0.606,0.00559,0.11,0.5820000000000001,-7.047999999999999,0.0347,128.73,Happy
The Rolling Stones,Start Me Up - Remastered,Tattoo You (2009 Re-Mastered),1981-08-24,77,0.631,0.0436,0.932,0.1369999999999999,0.0918,0.971,-4.142,0.0354,122.429,Happy
Gracie Abrams,Stay,Stay,2019-11-21,67,0.618,0.883,0.37,0.0,0.123,0.433,-10.5,0.0543,114.26,Sad
Olaars & Will Philips,Stay Here,Stay Here,2019-07-12,52,0.4320000000000001,0.0149,0.8390000000000001,0.0,0.362,0.269,-3.901,0.0425,123.987,Energetic
Golden Sleep,Stay Home,Stay Home,2020-04-24,34,0.234,0.992,0.174,0.942,0.148,0.362,-21.752,0.0376,66.301,Calm
Alberto L. Ferro,Stay Still,Stay Still,2020-03-20,30,0.382,0.987,0.0305,0.7829999999999999,0.0921,0.0835,-26.271,0.0574,72.398,Calm
The Raconteurs,"Steady, As She Goes",Broken Boy Soldiers,2006-05-15,1,0.534,0.00865,0.605,0.00826,0.0781,0.56,-4.3660000000000005,0.113,123.003,Happy
Mastrovita,Still Alive,Still Alive,2018-06-07,42,0.65,0.3,0.912,0.6679999999999999,0.306,0.7290000000000001,-4.2780000000000005,0.055,126.073,Energetic
Nina Nesbitt,Still Waiting to Start,"The Sun Will Come up, The Seasons Will Change & The Flowers Will Fall",2019-11-22,54,0.615,0.639,0.332,0.0,0.15,0.515,-10.161,0.0295,125.894,Sad
Lost Horse Mine,Stormy Weather,Stormy Weather,2019-08-30,50,0.444,0.00308,0.382,0.816,0.0915,0.197,-9.324,0.0397,123.59,Calm
Sandro Silva,Story Of A Violin,Story Of A Violin,2019-06-07,52,0.5479999999999999,0.0125,0.8640000000000001,0.287,0.818,0.161,-6.835,0.0881,128.196,Happy
Ella van der Woude,Strange Dreams,Solo Piano,2020-02-14,30,0.308,0.988,0.0229,0.8190000000000001,0.0935,0.148,-26.941,0.0406,145.717,Calm
Kensington,Streets,Rivals,2014-08-08,0,0.376,0.000874,0.7709999999999999,8.98e-06,0.274,0.419,-5.8,0.0422,168.15400000000002,Happy
Disturbed,Stricken,Ten Thousand Fists,2005-09-19,0,0.404,8.51e-05,0.969,0.0114,0.268,0.29,-2.938,0.195,173.878,Energetic
Various Artists,Stuck In The Middle With You,Reservoir Dogs (Original Motion Picture Soundtrack),2009-01-01,73,0.795,0.0934,0.564,0.000531,0.0631,0.961,-10.482,0.0392,124.166,Happy
Disturbed,Stupify,The Sickness (10th Anniversary Edition),2010-03-12,61,0.597,0.00108,0.939,9.77e-05,0.201,0.422,-3.0010000000000003,0.0446,98.0,Energetic
Iron & Wine,Such Great Heights,Around The Well,2009-05-19,0,0.61,0.8079999999999999,0.275,0.913,0.403,0.552,-10.644,0.028,94.088,Sad
dEUS,Suds & Soda,Worst Case Scenario,1994-01-01,42,0.149,8.51e-05,0.79,0.000248,0.0903,0.39,-7.93,0.052,170.28900000000004,Happy
Parazal,Suhpratti,Hum,2020-07-24,38,0.564,0.974,0.0515,0.765,0.114,0.214,-15.118,0.0338,93.961,Calm
Ella van der Woude,Summer Boredom,Solo Piano,2020-02-14,29,0.496,0.994,0.0281,0.951,0.0813,0.157,-24.864,0.0372,72.124,Calm
Cocteau Twins,Summer-Blink,Treasure Hiding: The Fontana Years,2018-10-05,22,0.491,0.168,0.599,0.0,0.166,0.189,-6.7410000000000005,0.0274,80.048,Sad
MØ,Sun In Our Eyes - Don Diablo Remix,Sun In Our Eyes (Don Diablo Remix),2018-08-08,55,0.6990000000000001,0.0589,0.861,2.64e-06,0.0794,0.315,-3.09,0.173,125.942,Happy
Bodywash,Sunspots,Comforter,2019-08-30,7,0.379,0.00565,0.499,0.125,0.077,0.335,-13.923,0.0411,155.993,Sad
Manuela,Supermarket,Manuela,2017-04-21,17,0.588,0.812,0.352,0.0564,0.126,0.655,-9.624,0.0403,146.718,Sad
Swanky Tunes,Supersonic (feat. Christian Burns),Supersonic (feat. Christian Burns),2019-02-18,52,0.34,0.00814,0.923,0.0008289999999999,0.385,0.13,-3.864,0.131,127.789,Energetic
Stevie Wonder,Superstition,Number 1's,2007-01-01,1,0.648,0.0182,0.7509999999999999,0.000401,0.0418,0.863,-8.582,0.0806,100.437,Happy
Natalie Taylor,Surrender,Surrender,2019-10-29,84,0.39,0.8,0.448,0.182,0.107,0.077,-8.57,0.0276,144.89,Sad
Deftones,Swerve City,Koi No Yokan,2012-11-09,55,0.457,0.0001,0.964,0.00811,0.67,0.3720000000000001,-2.963,0.0656,111.972,Energetic
Gareth Emery,Take Everything,Take Everything,2018-12-14,54,0.506,0.0234,0.823,0.000916,0.303,0.405,-5.272,0.0424,133.954,Happy
a-ha,Take on Me,Hunting High and Low,1985-06-01,84,0.573,0.018,0.902,0.00125,0.0928,0.8759999999999999,-7.638,0.054,84.412,Happy
Silo Silo,Takeoff,Takeoff,2020-05-01,53,0.44,0.625,0.32,0.8859999999999999,0.0823,0.0694,-12.011,0.0323,180.03599999999997,Calm
The Romantics,Talking In Your Sleep,In Heat,1983-02-14,61,0.72,0.0289,0.967,0.000345,0.142,0.977,-4.434,0.0343,129.766,Happy
Tom Kalani,Target,Target,2019-11-16,55,0.55,0.7140000000000001,0.471,0.952,0.0815,0.261,-16.049,0.0295,159.983,Calm
Massive Attack,Teardrop - Remastered 2006,Bite Size Massive Attack,2006-01-01,0,0.612,0.0204,0.463,0.653,0.183,0.17,-7.653,0.035,76.98,Sad
Various Artists,Teardrops - Single Version,Music For Groovin',2007-01-01,60,0.879,0.037,0.693,0.119,0.18,0.966,-10.577,0.046,133.231,Happy
Bullet For My Valentine,Tears Don't Fall,The Poison,2006-02-14,61,0.212,0.000725,0.926,4.83e-06,0.081,0.262,-3.378,0.14,162.10299999999995,Energetic
Wheatus,Teenage Dirtbag,Wheatus,1999-02-15,68,0.625,0.346,0.85,0.000233,0.174,0.633,-3.904,0.0495,94.661,Happy
Lambert,Tegel,Tegel,2020-05-01,42,0.233,0.993,0.0997,0.937,0.105,0.123,-25.616,0.0456,84.309,Calm
Song Sung,Telling Tales,Telling Tales,2020-05-26,36,0.425,0.0262,0.555,0.284,0.206,0.247,-11.806,0.0287,108.991,Sad
My Chemical Romance,Thank You for the Venom,Three Cheers for Sweet Revenge,2004-06-08,61,0.486,0.00237,0.977,0.0,0.298,0.413,-3.463,0.0603,103.501,Energetic
Ed Sheeran,The A Team,The A Team,2011-05-01,34,0.626,0.6779999999999999,0.286,0.0,0.134,0.366,-9.933,0.0374,84.954,Sad
Thin Lizzy,The Boys Are Back In Town,Jailbreak (Deluxe Edition),1976,0,0.319,0.242,0.7120000000000001,0.000414,0.294,0.773,-9.742,0.0535,78.11399999999998,Happy
Still Corners,The Calvary Cross,Live in Studio,2019-11-25,32,0.6609999999999999,0.675,0.425,0.13,0.104,0.19,-10.317,0.0312,114.042,Sad
Gustavo Santaolalla,The Choice,The Last of Us,2013-06-07,59,0.303,0.909,0.00338,0.89,0.116,0.347,-30.932,0.0493,50.96,Calm
Ex:Re,The Dazzler,Ex:Re,2018-11-30,0,0.775,0.343,0.218,0.00596,0.0866,0.361,-11.0,0.0461,133.036,Sad
So Vea,The Disappearance of the Unmoved Mover,The Disappearance of the Unmoved Mover,2020-03-06,54,0.627,0.879,0.4270000000000001,0.878,0.0977,0.132,-11.498,0.0283,112.043,Calm
Sulfur Springs,The Discovery,The Discovery,2019-10-04,55,0.414,0.8270000000000001,0.127,0.8220000000000001,0.0919,0.0354,-22.097,0.0383,130.02100000000002,Calm
Charles Bolt,The Dreamer,The Dreamer,2020-03-19,55,0.235,0.983,0.0363,0.92,0.0823,0.0481,-18.9,0.0335,160.704,Calm
Cora Zea,The Five Times I Loved You,Pyramid Train,2020-05-15,50,0.41,0.988,0.0845,0.93,0.109,0.0795,-21.814,0.0327,92.033,Calm
Various Artists,The Funeral,The Road Mix: Music From The Television Series One Tree Hill Vol. 3,2007-04-02,0,0.316,0.0143,0.769,0.0,0.0928,0.118,-5.285,0.0422,122.458,Sad
Alexander Wren,The Good in Goodbye (Alternate Version),The Good in Goodbye (Alternate Version),2019-10-25,40,0.7090000000000001,0.59,0.299,0.00292,0.111,0.423,-9.001,0.0297,112.984,Sad
The White Stripes,The Hardest Button To Button,Elephant,2003-04-01,56,0.6920000000000001,0.0097,0.515,0.292,0.103,0.5489999999999999,-8.488,0.0678,128.469,Energetic
Sum 41,The Hell Song,All The Good Sh**. 14 Solid Gold Hits (2000-2008),2009-01-01,37,0.343,0.000135,0.956,0.00165,0.143,0.5529999999999999,-5.073,0.0739,173.325,Energetic
Barry Adamson,The Hummingbird,The Hummingbird,2018-09-26,0,0.478,2.27e-05,0.901,0.0801,0.326,0.5770000000000001,-4.9830000000000005,0.0334,94.964,Sad
Bat For Lashes,The Hunger,The Hunger,2019-08-05,26,0.436,0.0402,0.753,0.0204,0.148,0.399,-9.76,0.0359,89.96799999999998,Sad
Steve Miller Band,The Joker,The Joker,1973-01-01,77,0.596,0.365,0.448,5.3e-06,0.206,0.7959999999999999,-9.616,0.0396,83.29299999999998,Happy
Dimitri Vangelis & Wyman,The King (with Dzeko),The King (with Dzeko),2019-06-14,59,0.655,0.0587,0.726,0.00311,0.145,0.292,-4.614,0.0324,128.001,Energetic
Still Corners,The Message,Slow Air,2018-08-17,53,0.64,0.00278,0.695,0.611,0.337,0.343,-9.919,0.0326,117.999,Sad
Song Sung,The Mind's Eye,This Ascension is Ours,2020-07-31,26,0.376,0.000708,0.546,0.777,0.359,0.305,-12.678,0.0362,115.995,Sad
Lord Huron,The Night We Met,Strange Trails,2015-04-06,17,0.443,0.969,0.369,0.277,0.638,0.0989,-9.514,0.0441,174.107,Sad
Nico Casal,The Night We Met - Rework,The Night We Met,2020-07-17,31,0.506,0.992,0.0434,0.866,0.123,0.0823,-19.948,0.0442,110.723,Calm
Men Without Hats,The Safety Dance,Greatest,2013-02-11,61,0.524,0.0252,0.8809999999999999,0.0,0.101,0.62,-4.479,0.0468,101.677,Happy
Steven Vrancken,The Snail’s Teachings II: The Wonders of,In Between (B-Side),2020-06-05,37,0.334,0.944,0.00961,0.901,0.105,0.0916,-27.24,0.0416,68.153,Calm
Kate Teague,The Temporary,The Temporary,2020-06-16,36,0.5489999999999999,0.292,0.524,0.0366,0.122,0.229,-8.288,0.0261,94.991,Sad
Alaskan Tapes,The Times Are Tired,Views from Sixteen Stories,2019-09-19,26,0.216,0.792,0.195,0.93,0.102,0.14,-14.026,0.0382,61.555,Calm
Alok,The Wall,The Wall,2019-06-28,59,0.682,0.00953,0.91,0.0673,0.0732,0.536,-2.314,0.0431,122.943,Energetic
Gorgon City,There For You,There For You,2019-08-16,68,0.5329999999999999,0.00529,0.8440000000000001,8.909999999999997e-05,0.0722,0.7120000000000001,-5.04,0.0302,123.971,Energetic
Martin Thulin,Thin White Duchess,Thin White Duchess,2020-01-31,28,0.537,0.115,0.655,0.294,0.243,0.283,-8.193999999999999,0.0374,119.965,Sad
Dillon,Thirteen Thirty-Five,This Silence Kills,2011-11-11,0,0.67,0.7859999999999999,0.293,0.0,0.215,0.36,-10.56,0.0486,66.97399999999999,Sad
Remy Van Kesteren,This Reminds You - Satie Remix,This Reminds You,2019-02-01,0,0.258,0.87,0.0589,0.898,0.148,0.0378,-23.782,0.0381,98.874,Calm
Goat Girl,Throw Me a Bone,Throw Me a Bone,2018-03-27,26,0.516,0.585,0.487,0.0507,0.168,0.209,-10.55,0.0331,96.204,Sad
Alesso,Tilted Towers,Tilted Towers,2018-11-30,50,0.7020000000000001,0.000771,0.8420000000000001,0.828,0.28,0.175,-5.059,0.0331,124.01,Happy
Amoll,Time Out,Time Out,2020-01-03,32,0.695,0.988,0.0761,0.929,0.133,0.262,-17.043,0.0399,125.017,Calm
AMBIE,Time Travel,Rooftops,2020-06-22,39,0.502,0.965,0.289,0.913,0.153,0.156,-17.378,0.0307,137.92600000000002,Calm
Jacco Wynia,Tiptoeing,Tiptoeing,2020-03-20,37,0.467,0.986,0.1369999999999999,0.928,0.101,0.0687,-23.087,0.043,118.715,Calm
The Cinematic Orchestra,To Build A Home,Ma Fleur,2007-05-07,72,0.264,0.885,0.122,0.349,0.094,0.0735,-15.399,0.0349,148.658,Sad
BANKS,To The Hilt,To The Hilt,2016-09-16,42,0.327,0.948,0.101,0.0,0.0945,0.0866,-13.949000000000002,0.0525,171.734,Sad
Junodream,To the Moon,To the Moon,2018-05-08,0,0.703,0.356,0.352,0.00378,0.0715,0.85,-14.859000000000002,0.0428,108.003,Sad
Annelie,Tomorrow,Tomorrow,2020-07-03,39,0.325,0.964,0.0809,0.8390000000000001,0.118,0.0604,-24.493,0.0527,178.30700000000004,Calm
A Static Lullaby,Toxic,Rattlesnake!,2008-09-09,49,0.555,3.01e-05,0.98,4.38e-05,0.0661,0.37,-6.063,0.154,143.005,Energetic
Death Cab for Cutie,Transatlanticism,Transatlanticism,2003-10-15,0,0.443,0.393,0.466,0.647,0.165,0.19,-9.209,0.0302,127.493,Sad
Sebastián Escofet,Trastevere,Universo en Miniatura Vol. 1,2019-07-05,52,0.42,0.8859999999999999,0.272,0.8340000000000001,0.0841,0.38,-14.843,0.0423,180.03099999999995,Calm
Patrick Hamilton,Trees - Solo Piano,Trees,2020-06-26,31,0.282,0.957,0.0717,0.919,0.0996,0.206,-25.816,0.053,163.128,Calm
Anson Seabra,Trying My Best,Trying My Best,2019-12-13,68,0.561,0.95,0.0587,0.0,0.0828,0.342,-17.819000000000006,0.0762,143.02700000000004,Sad
Bram de Looze,Tu Vois,Tu Vois,2020-01-03,0,0.351,0.995,0.0077,0.919,0.0803,0.0728,-23.17,0.0543,75.742,Calm
Chumbawamba,Tubthumping,Tubthumper,1997,0,0.319,0.118,0.8809999999999999,0.0,0.364,0.625,-7.244,0.14,206.941,Happy
Annelie,Tuesday,Tuesday,2020-04-03,47,0.3229999999999999,0.99,0.0214,0.902,0.0891,0.0703,-30.328000000000007,0.0384,104.033,Calm
The Beatles,Twist And Shout - Remastered 2009,Please Please Me (Remastered),1963-03-22,74,0.482,0.6409999999999999,0.8490000000000001,7.74e-06,0.0414,0.937,-9.198,0.0452,124.631,Happy
Spin Doctors,Two Princes,Pocket Full Of Kryptonite,1991-08-27,72,0.5429999999999999,0.00162,0.912,2.1e-06,0.0565,0.836,-10.71,0.0601,103.731,Happy
Big Thief,UFOF,UFOF,2019-02-26,0,0.623,0.638,0.613,0.5720000000000001,0.143,0.745,-9.241,0.0309,147.168,Sad
Thrice,Under A Killing Moon,The Artist In The Ambulance,2003-01-01,41,0.414,7.12e-06,0.988,0.44,0.0709,0.489,-3.703,0.0786,184.995,Energetic
Josie Mehlin,Understudy,Understudy,2019-09-14,51,0.494,0.983,0.263,0.92,0.0746,0.105,-16.817999999999998,0.0325,159.875,Calm
Gabriel & Dresden,Underwater - Tinlicker Remix,Underwater (Tinlicker Remix),2018-05-01,53,0.627,0.0607,0.857,0.835,0.132,0.124,-8.253,0.0402,121.976,Happy
Muse,Unintended,Showbiz,1999,61,0.487,0.647,0.279,0.00185,0.11,0.162,-11.586,0.0265,139.362,Sad
Armin van Buuren,United,United,2018-08-31,33,0.643,0.0565,0.957,0.841,0.0763,0.281,-5.026,0.0892,138.07299999999998,Happy
Noah Vanden Abeele,Universe,Universe,2018-10-12,25,0.623,0.994,0.134,0.935,0.192,0.171,-18.953,0.0478,62.562,Calm
Thom Yorke,Unmade,Unmade,2018-10-25,0,0.186,0.974,0.3,0.924,0.0672,0.0877,-12.140999999999998,0.0368,96.563,Sad
Taking Back Sunday,Up Against (Blackout),Louder Now (Deluxe),2006-04-24,0,0.5489999999999999,0.000785,0.8759999999999999,0.0,0.288,0.741,-3.589,0.0404,146.549,Energetic
Muse,Uprising,The Resistance,2009-09-10,75,0.602,0.000202,0.905,0.064,0.117,0.411,-4.046,0.0775,128.019,Energetic
Jurrivh,Used to Be,Used to Be,2020-06-20,38,0.201,0.989,0.0394,0.8390000000000001,0.0881,0.0754,-21.798,0.0334,73.742,Calm
Steve Gunn,Vagabond,Vagabond,2019-01-08,20,0.545,0.0888,0.7879999999999999,0.0258,0.0765,0.647,-3.968,0.0281,129.922,Sad
Amaranth Cove,Vague,Envision,2020-01-03,59,0.32,0.8809999999999999,0.253,0.935,0.121,0.125,-17.843,0.0356,140.029,Calm
Wilson Trouvé,Valse Lente,Valse Lente,2020-05-01,31,0.366,0.996,0.0518,0.909,0.179,0.39,-26.901,0.0402,182.774,Calm
Dimitri Vangelis & Wyman,Vamos,Vamos,2018-02-02,42,0.52,0.00209,0.975,0.213,0.148,0.254,-3.66,0.0839,128.017,Energetic
Dave202,Venom,Venom,2018-07-13,42,0.357,0.159,0.851,0.866,0.146,0.241,-6.103,0.0534,130.013,Happy
Lana Del Rey,Video Games - Remastered,Born To Die - The Paradise Edition,2012-01-01,68,0.236,0.8109999999999999,0.249,1e-06,0.087,0.181,-9.595,0.0348,72.847,Sad
The Buggles,Video Killed The Radio Star,The Age Of Plastic,1980-01-10,71,0.68,0.103,0.6779999999999999,0.00828,0.204,0.251,-11.548,0.0754,131.165,Happy
Jamiroquai,Virtual Insanity - Remastered,High Times - The Singles 1992 - 2006,2006-11-06,0,0.6509999999999999,0.13,0.946,0.0,0.148,0.508,-4.717,0.101,91.911,Happy
Coldplay,Viva La Vida,Viva La Vida (Prospekt's March Edition),2008-11-24,56,0.485,0.0941,0.619,3.31e-06,0.109,0.416,-7.115,0.0289,138.017,Happy
Disturbed,Voices,The Sickness (10th Anniversary Edition),2010-03-12,54,0.589,0.000116,0.983,0.00211,0.0628,0.469,-2.521,0.121,110.007,Energetic
Steve Brian,Wait For Me,Wanderlust,2018-12-07,52,0.465,0.00987,0.7390000000000001,1.88e-06,0.373,0.0652,-7.786,0.0648,125.994,Happy
Alice Boman,Waiting,Skisser,2013-05-22,0,0.236,0.975,0.33,0.126,0.116,0.0827,-10.085,0.0325,86.546,Sad
Martin Garrix,Waiting For Tomorrow (feat. Mike Shinoda),BYLAW EP,2018-10-19,56,0.507,0.00731,0.887,0.0,0.562,0.336,-4.084,0.141,128.015,Energetic
John Mayer,Waiting On the World to Change,Continuum,2006-09-11,74,0.5770000000000001,0.159,0.7559999999999999,0.000232,0.249,0.6629999999999999,-5.82,0.115,176.75,Happy
Rand Aldo,Waiting like the Storm,Nocturne in Green,2019-12-06,52,0.162,0.946,0.0564,0.889,0.101,0.0361,-20.696,0.0341,60.01,Calm
Kensington,War,Rivals,2014-08-08,0,0.6409999999999999,0.079,0.8059999999999999,0.00158,0.0708,0.721,-6.2810000000000015,0.0323,125.987,Happy
Five Finger Death Punch,Wash It All Away,Got Your Six (Deluxe),2015-09-04,63,0.485,2.08e-05,0.987,0.0,0.267,0.272,-3.1,0.0738,123.576,Energetic
Florejan,Watching Clouds Disappear,Watching Clouds Disappear,2020-05-15,35,0.495,0.99,0.0191,0.902,0.113,0.243,-26.317,0.0362,112.814,Calm
Star Slide,Water Colors,Water Colors,2019-09-18,50,0.465,0.633,0.12,0.937,0.085,0.0659,-19.328,0.0386,72.021,Calm
A Teardrop In The Lake,Water Lillies,Water Lillies,2020-03-27,49,0.234,0.848,0.226,0.942,0.111,0.0388,-15.991,0.0368,139.921,Calm
Cranes,Watersong,Wings Of Joy (Expanded Edition),1991,35,0.6559999999999999,0.809,0.102,0.7879999999999999,0.0874,0.595,-20.337,0.0373,118.373,Sad
Beacon,Wave of Mutilation,Wave of Mutilation,2020-01-10,31,0.481,0.8420000000000001,0.229,0.00205,0.105,0.0525,-13.5,0.0342,92.014,Sad
Simian,We Are Your Friends - Justice Vs Simian,We Are Your Friends,2006-01-01,62,0.615,0.0104,0.97,0.384,0.178,0.507,1.342,0.119,122.993,Happy
Other Lives,We Wait,For Their Love,2020-04-24,39,0.387,0.654,0.5770000000000001,0.127,0.163,0.447,-8.259,0.0353,149.048,Sad
Coheed and Cambria,Welcome Home,Good Apollo I'm Burning Star IV Volume One: From Fear Through The Eyes Of Madness,2005-01-15,64,0.442,0.00648,0.951,1.12e-06,0.0887,0.158,-5.27,0.11,154.004,Energetic
Radical Face,"Welcome Home, Son",Ghost,2007-03-02,0,0.601,0.743,0.537,0.732,0.143,0.394,-9.464,0.0296,144.994,Sad
The Romantics,What I Like About You,What I Like About You (And Other Romantic Hits),1990,68,0.542,0.319,0.915,5.34e-05,0.171,0.92,-9.637,0.0549,159.81,Happy
Ron Verboom,What Should Have Been,What Should Have Been,2020-03-06,30,0.322,0.994,0.149,0.92,0.122,0.0655,-17.948,0.0515,114.695,Calm
The Six Parts Seven,What You Love You Must Love Now,Everywhere And Right Here,2004-08-16,59,0.256,0.3670000000000001,0.456,0.8809999999999999,0.119,0.0682,-10.865,0.0306,70.357,Calm
Fenne Lily,What's Good,What's Good,2017-03-17,49,0.542,0.935,0.0957,6.4e-06,0.182,0.259,-14.518,0.0404,134.739,Sad
Florejan Verschueren,When The World Stood Still,When The World Stood Still,2020-07-10,35,0.461,0.989,0.0167,0.848,0.11,0.259,-22.104,0.0509,73.77,Calm
Threading Hair,When They Come,When They Come,2019-09-16,57,0.501,0.922,0.378,0.825,0.115,0.193,-14.959,0.0269,108.034,Calm
Rouge Haven,When You Left,When You Left,2020-04-21,52,0.56,0.984,0.0853,0.918,0.108,0.113,-15.918,0.0324,96.646,Calm
Blonde Redhead,Where Your Mind Wants to Go - RONE Remix,Where Your Mind Wants to Go (RONE Remix),2018-08-10,14,0.6509999999999999,0.333,0.848,0.763,0.101,0.154,-8.941,0.0458,119.977,Sad
Josh Kramer,While the Rest of the World Sleeps,While the Rest of the World Sleeps,2020-01-31,35,0.423,0.988,0.0442,0.947,0.108,0.182,-21.088,0.0378,73.407,Calm
Metallica,Whiskey In The Jar,"Garage, Inc.",1998-11-24,0,0.511,5.36e-06,0.972,0.00101,0.19,0.532,-3.751,0.0413,132.97,Energetic
Stacy Crowne,White Lies,We Sound Electric,2019-10-04,18,0.336,0.00797,0.88,0.0,0.445,0.485,-5.675,0.0739,155.004,Energetic
The Him,White Lies - Guy Arthur Remix,White Lies (The Remixes),2018-03-16,44,0.6559999999999999,0.00428,0.8959999999999999,0.000137,0.192,0.506,-4.461,0.0936,128.026,Energetic
Wilson Trouvé,White Sparks,White Sparks,2019-12-13,30,0.574,0.989,0.0835,0.935,0.117,0.265,-22.763,0.0413,106.027,Calm
Martèn LeGrand,Whitehaven,Whitehaven,2020-07-31,28,0.498,0.983,0.18,0.928,0.0924,0.038,-19.81900000000001,0.0426,77.407,Calm
War,Why Can't We Be Friends?,Why Can't We Be Friends?,1975-01-01,58,0.7759999999999999,0.19,0.7140000000000001,0.0,0.506,0.962,-9.044,0.0388,92.448,Happy
Epi-Soothe,Wild Trails,Wild Trails,2019-08-27,52,0.213,0.742,0.233,0.8809999999999999,0.149,0.0378,-14.347,0.0289,94.94,Calm
Armin van Buuren,Wild Wild Son - Club Mix,Wild Wild Son (Club Mix),2018-10-19,35,0.526,0.00138,0.867,0.00064,0.0975,0.12,-4.332,0.0659,132.106,Energetic
Dust Follows,Willet,Swan,2020-03-27,48,0.425,0.967,0.168,0.818,0.16,0.0376,-14.064,0.0322,90.076,Calm
Wilson Trouvé,Winter Scenery,Winter Scenery,2020-02-21,29,0.79,0.993,0.179,0.965,0.102,0.562,-25.43,0.0853,80.993,Calm
Kina,Wish I Was Better,Wish I Was Better,2020-04-10,70,0.732,0.747,0.304,6.13e-05,0.143,0.185,-13.086,0.111,139.965,Sad
Pink Floyd,Wish You Were Here - 2011 Remastered Version,Wish You Were Here [2011 - Remaster] (2011 Remastered Version),1975-09-12,0,0.481,0.735,0.262,0.0114,0.8320000000000001,0.375,-15.73,0.0414,122.883,Sad
Sorry,Wished,Wished,2017-11-11,28,0.445,0.332,0.536,0.0645,0.0576,0.486,-7.65,0.0261,172.15,Sad
The Exies,Without,Inertia,2003-01-01,19,0.523,0.000357,0.95,0.0,0.0944,0.479,-4.415,0.0467,99.231,Energetic
Doeke,Wolkendans,Soms Alleen,2020-07-10,32,0.38,0.996,0.0355,0.91,0.115,0.22,-27.118,0.0465,179.205,Calm
Blasterjaxx,Wonderful Together (feat. Envy Monroe),Wonderful Together (feat. Envy Monroe),2019-06-14,53,0.591,0.0484,0.759,1.23e-06,0.108,0.235,-3.785,0.0404,130.043,Happy
Oasis,Wonderwall,(What's the Story) Morning Glory?,1995-10-02,15,0.412,0.00214,0.8440000000000001,0.0,0.134,0.459,-5.613,0.037,174.452,Happy
Ghost Of Summer,Woodland Heart,Woodland Heart,2019-08-30,53,0.516,0.84,0.177,0.8170000000000001,0.135,0.132,-20.473,0.0312,94.994,Calm
Julia Holter,Words I Heard,Words I Heard,2018-10-17,18,0.124,0.228,0.347,0.00325,0.147,0.16,-11.392,0.0335,76.868,Sad
NERVO,Worlds Collide - Edison Cole Remix,Worlds Collide (Remixes),2019-11-22,55,0.631,0.0149,0.862,6.23e-05,0.103,0.438,-4.114,0.0515,145.01,Happy
Phoebe Bridgers,Would You Rather,Stranger in the Alps,2017-09-22,49,0.482,0.936,0.363,0.000109,0.104,0.261,-10.925999999999998,0.0309,135.779,Sad
Sublime,Wrong Way,Sublime Greatest Hits,1999-11-09,1,0.6629999999999999,0.0655,0.6709999999999999,0.0,0.107,0.955,-6.103,0.0395,74.453,Energetic
No Vacation,Yam Yam,Yam Yam,2017-05-12,0,0.445,0.319,0.591,0.7659999999999999,0.107,0.0774,-9.004,0.0316,137.864,Sad
Jef Martens,You Are Safe With Me,delta/alpha,2020-05-01,35,0.392,0.99,0.039,0.949,0.1,0.389,-27.643,0.0312,99.731,Calm
Mordkey,You Can't Rely on My Love,You Can't Rely on My Love,2018-05-04,52,0.6859999999999999,0.0534,0.775,9.39e-06,0.44,0.454,-7.247000000000001,0.185,126.013,Happy
New Radicals,You Get What You Give,Maybe You've Been Brainwashed Too,1998-01-01,1,0.621,0.17,0.901,0.0,0.0875,0.7440000000000001,-5.396,0.0302,113.967,Happy
Loyal Lobos,You Were Bored,You Were Bored,2020-07-15,36,0.291,0.7809999999999999,0.419,0.00433,0.113,0.0613,-10.33,0.0305,114.935,Sad
Various Artists,"You're Gonna Go Far, Kid",21 Alt Rock Anthems,2014-07-22,0,0.547,0.00485,0.877,0.0,0.247,0.611,-5.135,0.0658,126.083,Energetic
Queen,You're My Best Friend - Remastered 2011,Queen 40 Limited Edition Collector's Box Set,2011-01-01,57,0.518,0.158,0.7609999999999999,0.00765,0.0715,0.5760000000000001,-7.025,0.0452,118.738,Happy
Aaron Smith,Your Turn Now,Your Turn Now,2020-07-10,49,0.634,0.8190000000000001,0.193,0.0,0.113,0.159,-9.503,0.0277,95.004,Sad
Daughter,Youth,The Wild Youth EP,2012-02-29,0,0.588,0.61,0.477,0.00188,0.122,0.488,-12.71,0.0492,150.39600000000004,Sad
Eucalyptic,alpha waves,alpha waves,2019-11-11,59,0.561,0.795,0.314,0.8759999999999999,0.115,0.0883,-16.989,0.0281,95.931,Calm
Kamal.,blue,blue,2020-05-20,58,0.725,0.6679999999999999,0.258,2.63e-05,0.0955,0.173,-14.065,0.255,127.876,Sad
Leo Nocta,coeur noir,coeur noir,2020-07-17,34,0.235,0.926,0.233,0.89,0.069,0.1639999999999999,-21.173,0.0712,66.866,Calm
Jeremy Zucker,comethru,"summer,",2018-09-28,78,0.795,0.607,0.178,0.0,0.623,0.608,-11.991,0.0574,93.982,Sad
Julian,cry on airplanes,cry on airplanes,2020-04-10,40,0.763,0.5479999999999999,0.3720000000000001,0.000638,0.116,0.76,-7.07,0.0683,85.01,Sad
Clinton Kane,i don't want to watch the world end with someone else,i don't want to watch the world end with someone else,2020-05-08,68,0.535,0.7709999999999999,0.359,0.0,0.111,0.488,-9.343,0.0607,154.16299999999995,Sad
Billie Eilish,lovely (with Khalid),lovely (with Khalid),2018-04-19,88,0.351,0.934,0.296,0.0,0.095,0.12,-10.109,0.0333,115.284,Sad
cloudcrush,mellow,sleep escape,2020-05-20,48,0.609,0.985,0.157,0.792,0.112,0.0698,-15.792,0.0322,111.966,Calm
HONNE,no song without you,no song without you,2020-06-12,75,0.778,0.463,0.462,0.583,0.11,0.8170000000000001,-12.729,0.0359,105.45,Sad
Alaina Castillo,pass you by,the voicenotes,2020-04-24,60,0.51,0.892,0.355,0.0,0.133,0.453,-6.882999999999999,0.0287,141.796,Sad
praam,the frost,sentience,2020-01-24,35,0.259,0.956,0.259,0.942,0.0923,0.0403,-18.89,0.0594,123.693,Calm
Teodor Wolgers,the theme song,notion,2020-04-24,36,0.604,0.986,0.03,0.952,0.105,0.15,-27.007,0.0386,117.781,Calm
Billie Eilish,when the party's over,"WHEN WE ALL FALL ASLEEP, WHERE DO WE GO?",2019-03-29,87,0.3670000000000001,0.978,0.111,3.97e-05,0.0897,0.198,-14.084,0.0972,82.64200000000002,Sad
Leo Nocta,windcatcher,windcatcher,2020-06-19,36,0.402,0.961,0.236,0.919,0.0921,0.146,-20.615,0.0603,129.736,Calm
Soccer Mommy,yellow is the color of her eyes,yellow is the color of her eyes,2019-11-19,5,0.452,0.757,0.515,0.12,0.14,0.191,-7.351,0.0255,80.53699999999998,Sad
Tate McRae,you broke me first,you broke me first,2020-04-17,87,0.642,0.7859999999999999,0.374,0.0,0.0906,0.0799,-9.386,0.0545,124.099,Sad
Jeremy Zucker,you were good to me,brent,2019-05-03,76,0.561,0.913,0.0848,2.62e-05,0.112,0.206,-15.099,0.0404,102.128,Sad
praam,æfre,æfre,2020-07-17,41,0.377,0.994,0.0156,0.8809999999999999,0.0991,0.0804,-28.435,0.0397,140.179,Calm
